Units,Fuel,Keepership,ONS Sort,ONS Code,ONS Geography [note 6],Q 41,Q 40,Q 39,Q 38,Q 37,Q 36,Q 35,Q 34,Q 33,Q 32,Q 31,Q 30,Q 29,Q 28,Q 27,Q 26,Q 25,Q 24,Q 23,Q 22,Q 21,Q 20,Q 19,Q 18,Q 17,Q 16,Q 15,Q 14,Q 13,Q 12,Q 11,Q 10,Q 9,Q 8,Q 7,Q 6,Q 5,Q 4,Q 3,Q 2,Q 1
Number,Battery electric,Company,1,K02000001,United Kingdom,241778,197411,168341,140650,117039,85234,61032,53097,41442,33640,27834,24974,22442,20913,19740,18849,17383,16965,16052,15401,14170,13610,12920,12747,11658,10831,10401,10207,9507,8912,8261,7682,7152,6923,6805,6460,6286,5993,5877,5715,5541
Number,Battery electric,Company,2,K03000001,Great Britain,239042,195159,166433,139132,115819,84338,60459,52618,41088,33324,27567,24741,22256,20735,19549,18665,17211,16792,15869,15213,13986,13432,12745,12559,11510,10679,10246,10054,9383,8796,8156,7592,7075,6848,6736,6408,6245,5955,5849,5695,5526
Number,Battery electric,Company,3,E92000001,England,223818,181977,154621,128692,107363,78280,56054,48670,37992,30630,25325,22777,20544,19105,17981,17183,15865,15442,14554,13919,12800,12270,11626,11505,10517,9729,9282,9095,8520,7998,7403,6920,6471,6269,6166,5879,5733,5475,5417,5311,5188
Number,Battery electric,Company,4,E12000001,North East,2239,1741,1461,1201,1039,884,681,653,527,519,429,428,422,409,409,412,405,392,401,400,384,370,374,365,352,343,347,338,308,282,274,273,274,276,275,260,246,231,230,206,211
Number,Battery electric,Company,5,E06000047,   County Durham,352,284,233,183,175,142,110,103,55,57,72,76,84,82,78,79,81,81,93,91,89,90,90,88,83,77,79,65,47,46,43,44,39,36,30,25,22,22,21,21,46
Number,Battery electric,Company,6,E06000005,   Darlington,358,189,146,114,103,96,82,82,73,63,51,51,46,47,45,42,41,32,24,24,24,14,10,12,9,9,12,14,15,8,8,7,7,8,8,7,5,5,5,0,0
Number,Battery electric,Company,7,E06000001,   Hartlepool,40,29,22,15,14,12,9,9,9,9,7,7,6,7,7,6,6,5,5,0,0,0,0,0,0,0,0,0,0,0,0,0,0,0,5,5,5,6,6,0,0
Number,Battery electric,Company,8,E06000002,   Middlesbrough,57,49,49,42,32,27,15,15,13,17,13,11,10,9,10,9,6,7,10,10,9,9,9,14,12,15,10,12,12,10,9,9,9,10,10,0,0,0,0,0,0
Number,Battery electric,Company,9,E06000057,   Northumberland,256,227,188,155,128,106,77,72,61,58,50,49,53,47,47,50,57,59,57,57,50,45,48,48,47,43,42,43,38,26,26,34,33,34,30,29,29,30,29,29,30
Number,Battery electric,Company,10,E06000003,   Redcar and Cleveland,107,97,55,28,24,19,16,15,15,14,11,0,0,0,0,0,0,0,0,0,0,0,0,5,5,5,0,0,0,0,0,0,0,0,0,0,0,0,0,0,0
Number,Battery electric,Company,11,E06000004,   Stockton-on-Tees,144,118,100,89,75,55,45,40,30,27,19,18,21,15,15,14,16,15,14,16,19,21,23,24,24,22,23,23,25,26,26,26,25,26,26,26,27,27,27,27,27
Number,Battery electric,Company,12,E11000007,   Tyne and Wear (Met County),923,746,665,572,485,424,324,314,268,271,203,210,197,198,203,207,193,188,193,191,183,181,184,168,166,166,171,174,162,159,155,145,153,154,161,160,150,133,135,115,95
Number,Battery electric,Company,13,E08000037,      Gateshead,170,150,135,110,87,77,61,66,56,54,46,58,56,58,60,61,58,58,61,57,50,50,53,51,50,52,59,59,58,61,56,57,62,65,70,75,71,57,57,49,29
Number,Battery electric,Company,14,E08000021,      Newcastle upon Tyne,285,233,205,193,165,156,113,114,99,103,63,61,59,56,62,57,59,54,52,56,52,51,51,38,40,37,40,39,38,34,33,25,25,24,24,22,22,22,20,19,19
Number,Battery electric,Company,15,E08000022,      North Tyneside,174,144,127,90,81,69,48,42,36,42,25,24,15,16,12,13,8,8,7,7,7,7,5,6,0,0,6,7,0,0,0,0,0,0,0,0,0,0,0,0,0
Number,Battery electric,Company,16,E08000023,      South Tyneside,129,90,77,75,65,45,37,34,25,25,20,18,20,20,24,26,27,26,24,23,28,29,30,27,25,24,22,23,19,19,19,20,19,19,19,19,17,15,11,13,11
Number,Battery electric,Company,17,E08000024,      Sunderland,163,127,119,102,85,75,63,56,50,45,47,47,45,46,43,48,39,40,47,46,44,41,43,44,45,48,42,44,41,40,42,39,43,42,44,40,37,35,43,30,33
Number,Battery electric,Company,20,E12000002,North West,31278,24869,21103,17269,14589,11170,2429,2330,2104,1914,1662,1573,1452,1423,1394,1385,1305,1288,1259,1264,1188,1165,1185,1276,1150,1043,1000,991,892,860,801,733,701,680,584,487,457,441,431,416,408
Number,Battery electric,Company,21,E06000008,   Blackburn with Darwen,123,111,103,91,85,54,39,36,34,25,23,22,19,19,17,18,13,14,18,19,17,17,15,15,13,9,11,8,11,8,10,7,5,5,7,0,0,0,0,0,0
Number,Battery electric,Company,22,E06000009,   Blackpool,154,133,117,111,94,84,72,74,72,75,67,66,49,54,54,55,54,54,53,54,52,52,53,46,43,33,27,19,11,9,11,10,9,9,9,8,5,0,0,0,0
Number,Battery electric,Company,23,E06000049,   Cheshire East,509,414,399,328,282,229,172,161,145,137,127,119,120,116,111,111,97,91,89,83,75,73,63,58,47,37,35,34,31,33,33,32,31,22,23,17,16,15,13,14,13
Number,Battery electric,Company,24,E06000050,   Cheshire West and Chester,369,306,267,227,186,157,129,115,93,78,67,65,67,69,61,60,54,59,54,54,54,48,44,46,45,43,42,38,41,40,36,36,35,34,33,29,27,24,23,23,21
Number,Battery electric,Company,25,E06000006,   Halton,401,314,231,192,132,84,67,59,53,51,46,42,39,38,39,40,39,32,34,38,36,36,32,38,33,29,30,27,25,21,23,24,25,24,24,23,14,13,13,14,14
Number,Battery electric,Company,26,E06000007,   Warrington,276,249,223,180,154,127,106,92,74,70,61,60,52,46,49,48,51,49,49,48,39,44,43,41,38,24,21,22,19,15,13,14,12,11,13,11,9,5,5,0,0
Number,Battery electric,Company,27,E10000006,   Cumbria,293,251,225,196,176,136,109,102,91,81,72,63,53,51,46,42,38,37,44,41,35,24,25,34,26,28,26,30,26,25,21,19,13,16,9,7,5,7,7,6,0
Number,Battery electric,Company,28,E07000026,      Allerdale,28,20,17,12,8,6,6,5,0,5,5,0,0,0,0,0,0,0,0,0,0,0,0,0,0,0,0,0,0,0,0,0,0,0,0,0,0,0,0,0,0
Number,Battery electric,Company,29,E07000027,      Barrow-in-Furness,19,17,16,15,15,15,16,14,14,10,10,10,10,10,11,8,0,5,7,5,0,0,0,7,0,0,0,0,0,0,0,0,0,5,0,0,0,0,0,0,0
Number,Battery electric,Company,30,E07000028,      Carlisle,95,78,62,54,47,37,26,28,24,22,21,19,15,16,12,11,12,12,17,15,14,9,6,8,7,7,6,8,7,6,0,0,0,0,0,0,0,0,0,0,0
Number,Battery electric,Company,31,E07000029,      Copeland,24,18,20,21,18,15,11,11,9,9,6,7,5,6,6,8,6,6,7,8,5,0,7,9,8,10,8,10,9,8,8,7,6,5,0,0,0,0,0,0,0
Number,Battery electric,Company,32,E07000030,      Eden,34,31,26,26,24,21,18,16,13,9,9,6,5,5,5,0,0,0,0,0,0,0,0,0,0,0,0,0,0,0,0,0,0,0,0,0,0,0,0,0,0
Number,Battery electric,Company,33,E07000031,      South Lakeland,93,87,84,68,64,42,32,28,27,26,21,17,15,12,10,9,9,9,8,8,7,0,0,5,0,0,0,0,0,0,0,0,0,0,0,0,0,0,0,0,0
Number,Battery electric,Company,34,E11000001,   Greater Manchester (Met County),26899,21153,17816,14493,12266,9282,891,856,749,671,560,514,493,485,470,478,442,432,424,421,410,413,449,511,476,450,445,461,391,379,319,273,262,255,203,163,156,153,155,147,149
Number,Battery electric,Company,35,E08000001,      Bolton,260,207,174,150,148,113,78,68,55,45,35,32,29,31,36,39,25,24,25,24,27,28,32,27,23,21,17,15,14,14,14,13,13,12,11,8,7,6,6,6,8
Number,Battery electric,Company,36,E08000002,      Bury,433,348,321,289,166,85,57,64,59,69,56,26,24,23,24,23,19,17,18,20,21,31,59,120,117,112,115,115,69,68,31,8,6,0,0,0,0,0,0,0,0
Number,Battery electric,Company,37,E08000003,      Manchester,451,367,352,293,257,189,155,148,139,114,100,94,93,92,85,85,82,71,65,62,62,61,59,52,48,48,43,50,50,44,40,35,30,31,25,24,23,22,22,23,23
Number,Battery electric,Company,38,E08000004,      Oldham,155,123,102,90,81,72,55,59,54,56,45,52,49,47,38,41,40,39,37,39,40,39,35,39,38,33,34,34,27,31,21,12,14,14,10,9,7,8,8,6,8
Number,Battery electric,Company,39,E08000005,      Rochdale,164,134,129,104,97,77,67,66,60,50,32,29,25,27,28,28,26,25,23,19,16,16,17,15,11,7,7,6,5,0,0,0,0,6,0,0,0,0,0,0,0
Number,Battery electric,Company,40,E08000006,      Salford,294,266,229,203,183,163,141,127,122,119,109,111,111,108,107,109,112,116,125,128,130,130,133,134,130,134,137,152,152,151,150,147,139,129,92,64,65,65,62,58,59
Number,Battery electric,Company,41,E08000007,      Stockport,24498,19189,16047,12974,10997,8337,136,127,75,69,58,51,50,47,44,48,40,40,42,40,32,28,28,37,29,29,28,28,20,17,13,12,12,16,12,11,11,9,10,8,8
Number,Battery electric,Company,42,E08000008,      Tameside,115,98,84,68,60,43,34,36,35,23,21,21,19,19,20,18,17,18,14,12,13,13,13,12,13,12,10,9,8,7,7,6,6,6,5,5,0,0,0,0,0
Number,Battery electric,Company,43,E08000009,      Trafford,349,279,268,221,191,139,115,111,104,86,67,64,62,62,56,51,46,45,42,37,33,31,35,37,32,28,31,28,25,25,24,23,23,23,21,20,20,20,21,20,18
Number,Battery electric,Company,44,E08000010,      Wigan,180,142,110,101,86,64,53,50,46,40,36,34,31,29,32,36,35,37,33,40,36,36,38,38,35,26,23,24,21,18,16,15,16,14,20,18,16,17,19,18,18
Number,Battery electric,Company,46,E10000017,   Lancashire,1196,1034,923,811,665,533,426,428,383,351,299,281,238,226,232,219,209,209,199,208,182,173,169,173,145,137,122,112,110,105,95,79,73,67,72,62,61,59,61,56,52
Number,Battery electric,Company,47,E07000117,      Burnley,60,47,44,41,35,29,25,24,16,12,10,6,6,0,7,6,0,0,6,8,5,0,5,10,8,8,6,7,0,6,7,0,0,0,0,0,0,0,0,0,0
Number,Battery electric,Company,48,E07000118,      Chorley,119,92,84,75,59,51,41,46,48,34,25,25,19,21,22,19,16,19,19,20,18,17,20,19,18,15,20,15,14,14,11,7,0,0,5,0,0,0,0,0,0
Number,Battery electric,Company,49,E07000119,      Fylde,71,63,55,48,40,27,20,18,18,14,10,10,8,8,8,8,7,7,6,7,0,0,0,0,0,0,0,0,0,0,0,0,0,0,0,0,0,0,0,0,0
Number,Battery electric,Company,50,E07000120,      Hyndburn,67,52,38,33,32,19,14,14,13,14,12,12,11,9,9,9,10,11,10,9,7,6,5,5,0,0,0,0,0,0,0,0,0,0,5,5,7,0,0,0,0
Number,Battery electric,Company,51,E07000121,      Lancaster,136,120,113,99,72,60,49,46,44,39,37,35,29,25,23,23,23,21,24,27,23,24,23,21,21,18,19,21,21,15,16,13,12,12,12,6,6,6,6,6,5
Number,Battery electric,Company,52,E07000122,      Pendle,70,56,47,38,31,24,13,17,14,14,8,9,8,8,7,6,5,5,5,0,0,0,0,0,0,0,0,0,0,0,0,0,0,0,0,0,0,0,0,0,0
Number,Battery electric,Company,53,E07000123,      Preston,197,153,99,90,73,58,42,39,31,33,31,27,21,21,22,24,22,22,19,20,17,15,15,18,16,16,17,16,12,10,9,8,10,9,10,8,7,7,7,7,6
Number,Battery electric,Company,54,E07000124,      Ribble Valley,49,45,43,39,31,25,17,17,17,14,11,11,11,9,11,8,9,9,9,8,8,6,6,5,0,0,0,0,0,0,0,0,0,0,0,0,0,0,0,0,0
Number,Battery electric,Company,55,E07000125,      Rossendale,44,37,35,31,28,21,9,10,10,7,8,8,5,0,0,0,0,0,0,0,0,0,0,0,0,0,0,0,0,0,0,0,0,0,0,0,0,0,0,0,0
Number,Battery electric,Company,56,E07000126,      South Ribble,96,135,155,139,131,116,112,111,108,109,97,99,88,86,89,80,77,78,71,74,69,68,60,61,49,46,33,32,40,40,36,34,31,27,28,27,27,27,29,28,25
Number,Battery electric,Company,57,E07000127,      West Lancashire,189,150,137,114,77,61,50,50,33,34,28,17,15,15,15,17,15,12,12,13,11,12,14,14,10,9,7,0,0,0,0,0,0,0,0,0,0,0,0,0,0
Number,Battery electric,Company,58,E07000128,      Wyre,98,84,73,64,56,42,34,36,31,27,22,22,17,16,16,16,19,18,16,16,16,15,14,13,10,10,9,7,6,6,5,5,5,5,6,7,7,8,9,6,7
Number,Battery electric,Company,59,E11000002,   Merseyside (Met County),1055,899,797,639,547,483,418,407,410,375,340,340,322,319,315,314,308,311,295,298,288,285,292,314,284,253,241,240,227,225,240,239,236,237,191,163,160,159,148,146,146
Number,Battery electric,Company,60,E08000011,      Knowsley,105,76,67,58,49,40,23,19,17,16,14,15,8,7,7,7,7,7,6,6,0,0,0,0,0,0,0,0,0,0,0,0,0,0,0,0,0,0,0,0,0
Number,Battery electric,Company,61,E08000012,      Liverpool,322,256,222,180,161,136,121,123,118,109,95,96,94,95,90,91,88,86,87,84,81,81,82,85,88,89,81,83,76,80,84,84,83,89,88,86,87,89,92,87,87
Number,Battery electric,Company,62,E08000014,      Sefton,242,221,222,221,198,189,177,176,173,162,148,151,146,147,151,149,150,148,140,144,143,142,144,146,141,133,130,129,124,123,134,135,135,135,92,70,68,65,51,56,56
Number,Battery electric,Company,63,E08000013,      St. Helens,102,99,80,52,40,33,23,19,15,12,13,15,15,15,14,12,11,8,6,6,5,6,5,6,5,5,5,6,5,5,0,0,0,0,0,0,0,0,0,0,0
Number,Battery electric,Company,64,E08000015,      Wirral,284,247,206,128,99,85,74,70,87,76,70,63,59,55,53,55,52,62,56,58,55,52,57,74,48,24,23,21,21,16,17,15,14,9,7,5,0,0,0,0,0
Number,Battery electric,Company,66,E12000003,Yorkshire and The Humber,18788,15375,13259,11012,9226,7387,5236,4390,2835,2109,1747,1539,1170,1008,908,891,849,823,780,768,678,694,661,633,587,501,488,528,483,454,425,389,346,245,264,272,271,256,256,273,260
Number,Battery electric,Company,67,E06000011,   East Riding of Yorkshire,280,232,182,148,128,103,78,65,49,44,32,31,25,22,22,23,23,15,15,16,12,12,13,13,12,8,10,8,7,6,6,7,5,0,5,0,5,0,9,9,9
Number,Battery electric,Company,68,E06000010,"   Kingston upon Hull, City of",202,172,160,127,79,62,45,44,39,39,36,34,34,34,34,34,31,32,31,34,29,16,17,17,15,13,14,12,13,11,12,12,14,14,14,12,12,11,11,9,9
Number,Battery electric,Company,69,E06000012,   North East Lincolnshire,160,136,132,94,76,66,53,57,55,51,42,44,43,39,40,37,34,32,28,25,20,16,9,11,10,6,6,6,6,6,7,6,6,7,7,0,0,5,0,0,0
Number,Battery electric,Company,70,E06000013,   North Lincolnshire,174,116,106,87,73,59,34,34,35,33,27,22,20,18,15,16,17,14,15,16,10,12,16,18,17,15,16,16,17,17,16,15,16,16,18,12,10,9,11,11,11
Number,Battery electric,Company,71,E06000014,   York,282,261,244,219,227,185,120,115,97,97,92,86,90,87,81,84,80,84,79,87,82,83,74,79,77,79,75,76,74,73,65,64,60,61,61,60,59,60,55,60,59
Number,Battery electric,Company,72,E10000023,   North Yorkshire,741,589,491,415,319,234,174,157,135,127,103,91,82,72,58,52,49,44,43,43,34,36,35,32,25,21,20,18,23,23,23,21,19,19,21,18,16,16,16,16,13
Number,Battery electric,Company,73,E07000163,      Craven,42,38,33,32,21,18,13,11,10,13,8,8,5,0,0,0,0,0,0,0,0,0,0,0,0,0,0,0,0,0,0,0,0,0,0,0,0,0,0,0,0
Number,Battery electric,Company,74,E07000164,      Hambleton,59,47,44,33,26,14,12,12,10,8,7,0,0,0,0,0,0,0,0,0,0,0,0,0,0,0,0,0,0,0,0,0,0,0,0,0,0,0,0,0,0
Number,Battery electric,Company,75,E07000165,      Harrogate,426,331,274,228,176,118,85,77,63,60,50,47,48,43,33,31,29,26,25,27,25,26,23,23,18,13,12,12,14,13,13,11,10,8,10,8,7,7,7,7,5
Number,Battery electric,Company,76,E07000166,      Richmondshire,28,26,19,28,19,19,14,15,14,14,12,12,7,5,5,0,0,0,0,0,0,0,0,0,0,0,0,0,0,0,0,0,0,0,0,0,0,0,0,0,0
Number,Battery electric,Company,77,E07000167,      Ryedale,60,47,32,25,22,20,15,15,15,14,13,12,10,9,7,7,8,6,0,0,0,0,0,0,0,0,0,0,0,0,0,0,0,0,0,0,0,0,0,0,0
Number,Battery electric,Company,78,E07000168,      Scarborough,63,43,39,32,23,18,10,8,6,5,0,0,0,0,0,0,0,0,0,0,0,0,0,0,0,0,0,0,0,0,0,0,0,0,0,0,0,0,0,0,0
Number,Battery electric,Company,79,E07000169,      Selby,62,56,49,36,31,27,25,19,17,13,10,7,7,7,7,5,0,0,0,0,0,0,0,0,0,0,0,0,0,0,0,0,0,0,0,0,0,0,0,0,0
Number,Battery electric,Company,81,E11000003,   South Yorkshire (Met County),1732,1603,1423,1331,1173,1160,958,844,427,364,288,222,216,207,207,219,218,221,204,209,178,212,234,219,190,173,203,248,215,199,186,168,145,48,52,95,98,95,91,111,109
Number,Battery electric,Company,82,E08000016,      Barnsley,205,175,150,97,79,57,50,35,29,27,18,15,17,14,13,13,12,15,12,12,14,13,14,15,14,15,18,18,16,13,12,9,10,10,10,9,8,9,7,0,0
Number,Battery electric,Company,83,E08000017,      Doncaster,475,492,401,482,403,503,502,499,155,152,128,87,93,101,104,113,123,120,112,117,91,130,157,136,125,116,145,196,166,146,143,131,109,15,15,60,59,61,63,85,84
Number,Battery electric,Company,84,E08000018,      Rotherham,174,138,111,98,87,68,44,46,45,44,30,28,27,21,20,22,20,20,20,18,18,18,18,20,16,12,10,9,5,7,5,6,7,5,5,0,10,5,0,0,0
Number,Battery electric,Company,85,E08000019,      Sheffield,878,798,761,654,604,532,362,264,198,141,112,92,79,71,70,71,63,66,60,62,55,51,45,48,35,30,30,25,28,33,26,22,19,18,22,22,21,20,17,19,20
Number,Battery electric,Company,86,E11000006,   West Yorkshire (Met County),15217,12266,10520,8590,7150,5517,3773,3073,1997,1353,1126,1008,659,528,451,426,397,381,365,338,313,307,263,244,241,186,144,144,128,119,110,96,81,76,86,67,67,57,59,54,47
Number,Battery electric,Company,87,E08000032,      Bradford,319,277,429,215,166,136,110,101,68,82,52,45,45,41,37,34,32,36,32,40,47,45,28,55,63,19,20,29,23,19,19,14,14,12,12,9,8,7,10,9,6
Number,Battery electric,Company,88,E08000033,      Calderdale,168,141,125,116,88,67,44,38,32,33,24,22,19,16,15,15,15,15,18,19,12,13,10,8,6,8,8,8,7,9,12,8,6,6,6,5,5,5,0,0,0
Number,Battery electric,Company,89,E08000034,      Kirklees,330,269,237,170,149,122,88,86,71,65,59,52,48,42,43,42,37,39,37,30,23,26,29,27,23,22,20,19,17,17,15,10,8,7,6,0,0,0,0,0,0
Number,Battery electric,Company,90,E08000035,      Leeds,14083,11339,9519,7913,6603,5073,3433,2751,1739,1100,922,785,484,379,315,294,276,255,239,207,189,179,159,117,111,101,64,54,49,50,43,43,33,33,45,36,41,32,30,29,25
Number,Battery electric,Company,91,E08000036,      Wakefield,317,240,210,176,144,119,98,97,87,73,69,104,63,50,40,40,36,35,38,41,41,43,36,36,37,35,31,33,31,23,20,20,19,17,16,12,9,9,11,10,10
Number,Battery electric,Company,94,E12000004,East Midlands,8940,6905,6083,5425,4115,3205,2546,2341,1934,1614,1369,1135,1036,1002,970,950,901,744,717,677,647,621,605,595,585,569,559,568,535,501,474,425,430,432,467,456,461,341,336,326,328
Number,Battery electric,Company,95,E06000015,   Derby,714,655,593,510,438,357,275,233,168,128,103,80,82,74,66,60,66,60,56,47,48,48,47,39,38,34,34,26,34,31,27,17,28,27,29,17,22,22,20,15,18
Number,Battery electric,Company,96,E06000016,   Leicester,349,314,290,264,248,179,138,125,110,103,99,99,98,98,111,101,91,86,86,82,86,83,77,98,109,109,126,166,136,140,144,138,145,145,160,159,165,164,163,164,162
Number,Battery electric,Company,97,E06000061,   North Northamptonshire,695,576,503,421,368,297,257,230,169,118,93,85,74,68,69,59,45,41,36,37,36,30,27,30,27,24,24,22,21,20,15,13,12,11,11,10,11,9,9,10,8
Number,Battery electric,Company,98,E06000018,   Nottingham,456,425,396,356,331,284,248,236,229,218,175,169,153,147,139,141,135,128,118,112,105,106,88,77,70,69,69,69,67,47,46,36,24,14,15,19,19,18,12,12,13
Number,Battery electric,Company,99,E06000017,   Rutland,32,25,22,19,17,14,13,12,9,6,6,5,5,6,5,5,0,7,6,7,6,7,7,6,7,0,0,0,0,0,0,0,0,0,0,0,0,5,5,0,0
Number,Battery electric,Company,100,E06000062,   West Northamptonshire,676,637,565,532,491,455,359,345,277,242,217,92,89,88,82,76,74,75,80,70,70,72,67,73,102,121,138,119,120,115,115,111,116,131,145,162,155,42,44,40,38
Number,Battery electric,Company,101,E10000007,   Derbyshire,3106,1719,1468,1277,982,706,598,545,441,319,297,281,207,200,193,191,192,69,70,76,76,69,62,54,45,38,34,36,39,35,28,20,19,18,19,12,15,14,14,13,19
Number,Battery electric,Company,102,E07000032,      Amber Valley,111,96,87,82,72,59,54,48,32,31,28,26,25,22,20,21,21,19,19,22,20,20,18,16,15,15,12,12,13,12,8,7,7,6,6,0,0,0,0,0,0
Number,Battery electric,Company,103,E07000033,      Bolsover,59,38,33,23,20,19,15,14,12,12,9,9,8,8,7,7,5,0,0,0,0,0,0,0,0,0,0,0,0,0,0,0,0,0,0,0,0,0,0,0,0
Number,Battery electric,Company,104,E07000034,      Chesterfield,2584,1276,1088,939,684,454,378,354,301,206,195,188,122,122,119,118,126,11,12,17,19,18,17,10,10,7,5,8,8,6,5,0,0,0,0,0,0,0,0,0,0
Number,Battery electric,Company,105,E07000035,      Derbyshire Dales,51,49,40,32,26,20,14,9,7,7,7,7,5,5,5,6,6,0,0,0,0,0,0,0,0,0,0,0,0,0,0,0,0,0,0,0,0,0,0,0,0
Number,Battery electric,Company,106,E07000036,      Erewash,106,96,78,71,63,44,37,35,25,22,24,22,20,18,16,14,11,12,15,14,16,14,12,16,9,7,7,7,6,5,5,0,0,0,0,0,0,0,0,0,5
Number,Battery electric,Company,107,E07000037,      High Peak,58,45,40,35,27,22,19,16,15,11,9,10,10,8,9,11,11,10,10,10,10,9,7,5,6,6,6,5,5,5,5,0,0,0,5,0,0,0,0,0,5
Number,Battery electric,Company,108,E07000038,      North East Derbyshire,69,59,52,52,55,60,56,46,30,15,11,8,6,6,6,0,0,0,0,0,0,0,0,0,0,0,0,0,0,0,0,0,0,0,0,0,0,0,0,0,0
Number,Battery electric,Company,109,E07000039,      South Derbyshire,68,60,50,43,35,28,25,23,19,15,14,11,11,11,11,10,10,8,6,5,5,0,0,0,0,0,0,0,0,0,0,0,0,0,0,0,0,0,0,0,0
Number,Battery electric,Company,110,E10000018,   Leicestershire,1585,1434,1306,1268,591,401,283,257,213,194,155,141,161,166,153,155,139,128,121,99,85,76,91,75,78,79,54,54,51,51,49,40,41,41,39,38,39,37,37,36,37
Number,Battery electric,Company,111,E07000129,      Blaby,174,155,136,137,122,94,37,29,25,29,26,28,41,25,17,17,17,14,15,15,12,8,30,22,29,29,6,7,5,5,0,0,0,0,0,0,0,0,0,5,5
Number,Battery electric,Company,112,E07000130,      Charnwood,186,174,159,137,120,103,87,78,64,56,40,31,36,55,64,60,56,56,51,37,26,24,24,21,21,23,23,19,18,19,23,20,21,20,18,17,16,15,15,15,15
Number,Battery electric,Company,113,E07000131,      Harborough,891,819,769,786,177,54,42,42,38,34,28,25,19,18,14,13,13,12,11,10,10,10,8,9,9,8,9,9,11,9,6,0,0,0,5,5,7,7,8,7,7
Number,Battery electric,Company,114,E07000132,      Hinckley and Bosworth,100,85,66,54,45,41,29,30,26,24,17,17,18,18,16,20,19,14,13,12,11,11,9,7,6,7,7,7,6,6,0,0,0,0,0,0,0,0,0,0,0
Number,Battery electric,Company,115,E07000133,      Melton,38,31,27,23,21,19,14,13,13,9,8,5,5,5,5,6,6,7,6,6,7,7,7,8,7,8,6,6,5,6,6,5,5,5,0,0,0,0,0,0,0
Number,Battery electric,Company,116,E07000134,      North West Leicestershire,158,137,117,103,81,67,58,52,35,32,29,28,36,39,31,33,23,21,20,14,15,12,10,6,5,0,0,6,6,6,6,5,5,0,0,5,5,5,5,0,5
Number,Battery electric,Company,117,E07000135,      Oadby and Wigston,38,33,32,28,25,23,16,13,12,10,7,7,6,6,6,6,5,0,5,5,0,0,0,0,0,0,0,0,0,0,0,0,0,0,0,0,0,0,0,0,0
Number,Battery electric,Company,118,E10000019,   Lincolnshire,653,533,462,382,321,264,183,180,166,144,113,104,94,88,82,87,78,78,75,78,71,69,70,71,46,43,41,38,34,32,24,24,19,20,23,17,17,16,14,11,9
Number,Battery electric,Company,119,E07000136,      Boston,48,43,42,36,38,39,14,15,14,11,11,10,9,9,6,6,7,9,9,8,9,9,9,10,6,7,7,7,5,0,0,0,0,0,0,0,0,0,0,0,0
Number,Battery electric,Company,120,E07000137,      East Lindsey,116,102,91,79,60,45,29,30,26,24,15,12,11,10,9,8,6,7,6,8,11,10,11,9,7,6,8,7,6,5,0,0,0,0,0,0,0,0,0,0,0
Number,Battery electric,Company,121,E07000138,      Lincoln,105,83,64,46,40,34,32,34,34,33,30,33,27,25,27,31,27,27,25,24,19,21,22,19,14,11,7,8,9,9,5,6,0,7,8,5,5,0,0,0,0
Number,Battery electric,Company,122,E07000139,      North Kesteven,124,96,82,75,65,54,37,39,37,31,17,14,13,12,11,10,9,8,8,11,8,7,6,5,0,0,0,0,5,5,5,5,0,0,0,0,0,0,0,0,0
Number,Battery electric,Company,123,E07000140,      South Holland,79,69,50,33,32,25,22,19,16,11,11,10,10,7,8,10,8,8,8,8,7,7,5,0,0,0,0,0,0,0,0,0,0,0,0,0,0,0,0,0,0
Number,Battery electric,Company,124,E07000141,      South Kesteven,104,79,76,67,52,38,29,27,27,23,18,15,14,16,13,13,13,11,11,12,12,10,14,21,8,9,10,8,5,5,0,0,0,0,0,0,0,0,0,0,0
Number,Battery electric,Company,125,E07000142,      West Lindsey,77,59,55,44,32,27,18,14,10,9,9,8,8,7,6,7,6,6,6,5,0,0,0,0,0,0,0,0,0,0,0,0,0,0,0,0,0,0,0,0,0
Number,Battery electric,Company,127,E10000024,   Nottinghamshire,673,586,477,395,327,247,191,177,151,141,110,78,72,65,68,73,76,71,68,69,64,61,69,72,63,49,36,35,30,27,23,22,22,21,22,18,14,14,18,21,20
Number,Battery electric,Company,128,E07000170,      Ashfield,69,56,39,28,26,20,15,10,8,5,0,0,0,0,5,6,7,5,6,6,0,0,0,5,5,0,0,0,0,0,0,0,0,0,0,0,0,0,0,0,0
Number,Battery electric,Company,129,E07000171,      Bassetlaw,92,78,65,55,40,34,25,26,26,20,14,12,14,14,16,16,16,13,12,13,9,9,11,11,10,10,10,10,10,10,11,9,9,9,10,10,9,9,10,10,11
Number,Battery electric,Company,130,E07000172,      Broxtowe,80,61,47,38,32,24,25,28,24,22,20,10,9,10,9,9,8,8,8,10,8,8,8,8,6,0,0,0,0,0,0,0,0,0,0,0,0,0,0,0,0
Number,Battery electric,Company,131,E07000173,      Gedling,101,106,91,79,63,50,41,37,30,30,24,12,10,10,10,10,11,12,10,8,10,9,10,10,9,7,7,8,7,5,0,0,0,0,0,0,0,0,0,0,0
Number,Battery electric,Company,132,E07000174,      Mansfield,85,64,55,45,40,28,17,19,16,18,14,12,13,10,14,16,16,16,17,18,18,16,17,19,16,12,7,6,5,0,0,0,0,0,0,0,0,0,0,0,0
Number,Battery electric,Company,133,E07000175,      Newark and Sherwood,122,100,81,63,61,49,38,32,26,25,18,16,13,11,9,10,12,12,10,9,9,8,7,8,7,6,6,5,0,5,0,0,0,0,0,0,0,0,0,6,6
Number,Battery electric,Company,134,E07000176,      Rushcliffe,124,121,99,87,65,42,30,25,21,21,17,13,10,7,5,6,6,5,5,5,6,7,12,11,10,8,0,0,0,0,0,0,0,0,0,0,0,0,0,0,0
Number,Battery electric,Company,136,E12000005,West Midlands,20303,16674,14624,12180,10151,7143,11070,9164,7233,5676,4481,3641,3149,2807,2454,2255,1786,1730,1688,1503,1310,1303,1190,1150,1094,1111,1184,1234,1316,1319,1280,1182,1113,1139,1000,930,901,658,633,555,566
Number,Battery electric,Company,137,E06000019,"   Herefordshire, County of",168,139,119,104,94,82,60,49,35,31,26,23,21,24,22,21,22,20,21,19,18,19,18,19,17,18,17,15,12,9,9,10,11,13,12,11,12,12,12,10,9
Number,Battery electric,Company,138,E06000051,   Shropshire,297,249,218,169,344,324,298,299,283,270,261,252,240,239,233,153,26,29,38,36,36,37,36,42,38,43,45,42,37,30,23,19,19,18,18,15,12,10,6,5,5
Number,Battery electric,Company,139,E06000021,   Stoke-on-Trent,379,198,176,143,126,85,64,61,55,59,56,53,45,42,33,36,34,27,25,27,26,29,29,28,26,26,28,26,24,20,15,15,13,13,11,10,9,11,11,9,9
Number,Battery electric,Company,140,E06000020,   Telford and Wrekin,841,667,714,664,178,110,45,44,35,33,26,23,20,19,20,21,15,11,14,13,13,13,8,11,9,9,10,10,8,5,6,6,7,7,6,6,6,6,6,6,5
Number,Battery electric,Company,141,E10000028,   Staffordshire,953,816,710,636,534,450,364,336,303,280,233,232,215,203,197,189,192,189,197,191,174,168,158,162,165,152,162,126,110,106,106,98,97,89,91,87,92,87,88,87,87
Number,Battery electric,Company,142,E07000192,      Cannock Chase,216,201,166,144,134,121,108,108,102,95,68,66,60,60,61,57,57,56,61,58,52,52,47,48,54,53,57,55,44,41,43,43,43,38,40,37,38,37,39,39,39
Number,Battery electric,Company,143,E07000193,      East Staffordshire,128,104,91,81,72,66,57,54,51,51,45,43,39,35,34,33,33,33,36,36,36,35,35,35,34,33,33,5,5,0,0,0,0,0,0,0,0,0,0,0,0
Number,Battery electric,Company,144,E07000194,      Lichfield,164,137,116,104,86,68,49,40,32,27,27,29,24,24,19,17,19,19,18,17,13,14,12,13,14,12,13,9,9,10,12,12,13,12,12,11,15,13,13,13,13
Number,Battery electric,Company,145,E07000195,      Newcastle-under-Lyme,92,79,74,65,48,40,32,26,21,19,18,16,13,13,10,9,9,9,9,10,8,6,6,6,0,0,0,0,0,0,0,0,0,0,0,0,0,0,0,0,0
Number,Battery electric,Company,146,E07000196,      South Staffordshire,111,88,75,76,53,44,38,31,26,21,16,14,16,12,11,11,12,12,11,9,5,5,5,5,0,0,0,0,0,0,0,0,0,0,0,0,0,0,0,0,0
Number,Battery electric,Company,147,E07000197,      Stafford,127,106,104,90,74,60,48,48,44,43,41,40,42,40,46,46,46,45,44,42,41,38,38,38,39,39,42,41,39,38,37,29,28,26,25,26,26,25,25,25,24
Number,Battery electric,Company,148,E07000198,      Staffordshire Moorlands,53,51,42,35,30,20,16,13,12,12,8,8,7,7,7,7,7,6,8,7,7,6,0,0,0,0,0,0,0,0,0,0,0,0,0,0,0,0,0,0,0
Number,Battery electric,Company,149,E07000199,      Tamworth,62,50,42,41,37,31,16,16,15,12,10,16,14,12,9,9,9,9,10,12,12,12,12,14,14,8,7,6,5,7,5,0,0,5,5,5,5,0,0,0,0
Number,Battery electric,Company,150,E10000031,   Warwickshire,6297,4806,3513,2544,2259,1345,884,884,791,716,668,272,380,385,394,451,242,223,215,141,98,101,82,78,61,67,58,59,57,51,49,35,37,33,31,27,21,24,25,68,73
Number,Battery electric,Company,151,E07000218,      North Warwickshire,71,66,63,52,47,45,34,28,23,18,15,12,14,11,15,21,20,21,21,25,23,26,27,27,26,28,26,27,28,27,26,14,14,13,13,8,9,0,0,49,56
Number,Battery electric,Company,152,E07000219,      Nuneaton and Bedworth,100,82,75,61,52,53,38,40,41,37,57,21,14,15,15,15,15,14,12,10,8,6,5,0,0,0,0,0,0,0,0,0,5,0,0,0,0,11,10,10,10
Number,Battery electric,Company,153,E07000220,      Rugby,131,113,172,120,111,96,57,54,47,44,41,37,29,24,25,19,18,19,19,13,12,12,9,10,10,9,8,8,7,6,5,0,0,0,0,0,0,0,5,5,0
Number,Battery electric,Company,154,E07000221,      Stratford-on-Avon,249,218,210,191,254,267,255,252,225,211,200,160,284,300,307,366,156,137,138,72,39,38,29,26,15,18,14,13,12,10,9,9,9,8,9,9,0,0,0,0,0
Number,Battery electric,Company,155,E07000222,      Warwick,5746,4327,2993,2120,1795,884,500,510,455,406,355,42,39,35,32,30,33,32,25,21,16,19,12,11,8,10,8,9,8,6,7,5,5,5,0,0,0,0,0,0,0
Number,Battery electric,Company,156,E11000005,   West Midlands (Met County),9828,8343,7794,6532,5439,4162,8810,7045,5473,4051,2976,2534,1974,1644,1271,1087,987,961,917,838,753,738,670,625,558,535,542,542,521,503,500,494,472,463,461,441,409,355,350,315,315
Number,Battery electric,Company,157,E08000025,      Birmingham,818,723,699,647,587,567,6371,5616,4528,3320,2458,2100,1534,1219,873,755,680,648,596,535,447,427,383,337,282,259,260,246,220,198,188,173,154,140,136,106,99,93,94,79,74
Number,Battery electric,Company,158,E08000026,      Coventry,734,561,483,389,373,188,150,134,116,119,109,107,103,100,102,104,99,113,117,104,101,106,82,102,100,90,88,90,84,86,81,72,74,79,87,83,81,92,95,97,106
Number,Battery electric,Company,159,E08000027,      Dudley,234,210,164,134,115,95,75,71,61,61,44,56,51,46,45,44,38,37,40,43,56,56,61,54,49,33,30,32,30,29,31,33,35,29,25,22,26,25,27,30,32
Number,Battery electric,Company,160,E08000028,      Sandwell,809,560,365,285,222,139,93,85,68,64,57,53,47,31,16,15,12,12,14,16,11,10,7,8,6,7,5,6,0,0,0,0,5,0,0,0,0,0,0,0,0
Number,Battery electric,Company,161,E08000029,      Solihull,6878,6003,5828,4854,3942,3022,2014,1031,615,406,248,163,180,186,178,120,121,116,118,110,101,94,90,75,73,114,130,141,155,164,176,193,186,190,193,213,186,129,118,92,86
Number,Battery electric,Company,162,E08000030,      Walsall,145,106,101,92,85,60,58,60,48,44,35,36,38,45,39,34,25,22,19,16,18,24,21,23,23,20,19,15,16,14,13,11,11,12,11,10,10,10,9,11,11
Number,Battery electric,Company,163,E08000031,      Wolverhampton,210,180,154,131,115,91,49,48,37,37,25,19,21,17,18,15,12,13,13,14,19,21,26,26,25,12,10,12,12,9,8,8,7,9,6,5,5,0,5,0,0
Number,Battery electric,Company,164,E10000034,   Worcestershire,1540,1455,1379,1387,1176,584,544,446,258,235,234,251,253,249,283,296,267,269,260,237,191,197,188,184,219,260,321,413,546,594,572,505,457,503,370,333,340,153,135,55,63
Number,Battery electric,Company,165,E07000234,      Bromsgrove,153,133,127,114,94,82,62,59,45,35,31,30,28,25,27,24,25,27,25,24,23,23,18,15,14,9,7,6,0,0,5,0,0,0,0,0,0,0,0,0,0
Number,Battery electric,Company,166,E07000235,      Malvern Hills,59,51,46,42,39,33,26,25,24,22,19,17,16,16,16,12,11,7,8,9,7,7,7,0,0,0,0,0,0,0,0,0,0,0,0,0,0,0,0,0,0
Number,Battery electric,Company,167,E07000236,      Redditch,74,57,38,25,21,20,18,12,10,11,10,10,10,9,9,10,11,8,9,6,0,5,5,5,0,0,0,0,0,0,0,0,0,0,0,0,0,8,9,0,0
Number,Battery electric,Company,168,E07000237,      Worcester,440,416,394,428,283,210,210,117,42,46,42,37,32,29,27,27,23,23,21,23,15,15,15,18,13,15,18,17,16,18,16,14,13,15,16,15,13,16,11,9,9
Number,Battery electric,Company,169,E07000238,      Wychavon,735,721,705,716,709,213,209,213,121,107,120,145,155,160,195,214,188,195,187,164,134,140,136,136,183,229,288,382,518,566,545,483,438,481,346,312,322,125,111,41,49
Number,Battery electric,Company,170,E07000239,      Wyre Forest,79,77,69,62,30,26,19,20,16,14,12,12,12,10,9,9,9,9,10,11,8,7,7,6,0,0,0,0,0,0,0,0,0,0,0,0,0,0,0,0,0
Number,Battery electric,Company,172,E12000006,East,15186,17458,14667,12220,10360,7634,5601,5014,4199,3610,2958,2887,2652,2660,3670,3594,3488,3426,3165,3000,2666,2532,2219,2017,1677,1435,1286,1139,950,754,599,481,392,388,364,339,344,442,423,412,273
Number,Battery electric,Company,173,E06000055,   Bedford,1160,770,510,284,138,98,65,59,55,47,39,213,225,368,1434,1401,1372,1371,1231,1159,993,948,781,675,492,379,285,200,131,62,6,0,0,0,0,7,12,143,145,133,0
Number,Battery electric,Company,174,E06000056,   Central Bedfordshire,500,425,356,356,333,148,128,111,99,98,90,84,79,76,79,79,79,63,60,59,55,54,52,49,54,52,49,50,57,60,56,52,52,54,53,52,47,45,43,43,30
Number,Battery electric,Company,175,E06000032,   Luton,91,74,72,69,50,43,32,27,62,65,60,57,54,54,56,56,51,41,38,37,32,31,31,29,27,24,24,24,24,24,19,18,18,10,8,8,7,7,9,10,10
Number,Battery electric,Company,176,E06000031,   Peterborough,6644,5189,4396,3716,3223,2415,1982,1862,1630,1409,1155,966,848,837,850,879,884,905,907,843,778,738,627,587,527,456,426,400,311,231,177,80,28,28,14,8,9,10,9,8,7
Number,Battery electric,Company,177,E06000033,   Southend-on-Sea,108,89,72,60,43,34,26,24,27,25,23,23,22,18,21,18,19,13,12,11,11,12,10,10,9,6,5,0,0,0,0,0,0,0,0,0,0,0,0,0,0
Number,Battery electric,Company,178,E06000034,   Thurrock,157,143,113,101,86,50,32,39,27,25,16,14,12,15,17,13,13,13,10,12,13,13,10,9,10,9,8,8,6,5,0,0,0,0,0,0,0,0,0,0,0
Number,Battery electric,Company,179,E10000003,   Cambridgeshire,946,824,709,606,543,453,348,338,301,307,283,374,373,321,304,278,263,260,227,228,209,190,191,157,112,100,98,88,84,81,78,71,61,64,68,74,78,74,62,59,60
Number,Battery electric,Company,180,E07000008,      Cambridge,206,181,176,165,150,140,93,93,85,84,74,68,61,59,49,51,51,49,38,36,34,44,40,24,23,23,22,15,11,11,10,6,5,5,7,6,10,9,7,5,8
Number,Battery electric,Company,181,E07000009,      East Cambridgeshire,60,54,48,45,39,34,27,27,24,21,17,12,12,12,9,7,8,5,5,6,6,5,5,0,0,0,0,0,0,0,0,0,0,5,5,5,5,0,0,0,0
Number,Battery electric,Company,182,E07000010,      Fenland,50,38,34,24,22,18,14,13,15,13,11,10,8,6,7,7,5,7,7,7,6,9,8,11,10,8,8,7,5,5,0,5,0,0,0,0,0,0,0,0,0
Number,Battery electric,Company,183,E07000011,      Huntingdonshire,421,365,296,246,215,162,135,137,114,130,127,235,243,194,191,165,154,154,140,143,129,112,122,106,64,57,57,52,53,52,50,49,41,43,45,54,55,53,46,45,44
Number,Battery electric,Company,184,E07000012,      South Cambridgeshire,209,186,155,126,117,99,79,68,63,59,54,49,49,50,48,48,45,45,37,36,34,20,16,12,11,9,8,11,12,10,11,8,8,8,9,8,7,7,0,0,0
Number,Battery electric,Company,185,E10000012,   Essex,1732,1415,1253,1057,894,694,517,494,409,376,295,272,252,247,243,240,228,215,211,205,190,183,170,161,146,136,132,117,107,94,87,83,78,84,78,73,71,57,58,57,63
Number,Battery electric,Company,186,E07000066,      Basildon,403,348,303,274,239,180,139,127,89,76,43,34,33,33,34,33,30,34,34,39,36,35,33,37,32,32,28,26,21,23,16,15,10,13,13,11,8,8,7,8,8
Number,Battery electric,Company,187,E07000067,      Braintree,128,111,92,80,66,48,34,37,34,32,24,21,19,17,18,18,17,13,14,11,9,10,7,8,6,6,6,5,0,0,0,0,0,0,0,0,0,0,0,0,0
Number,Battery electric,Company,188,E07000068,      Brentwood,105,101,89,78,74,62,54,47,51,55,51,51,52,55,59,57,56,55,55,51,50,49,46,42,37,35,35,23,18,12,19,19,26,26,22,23,25,23,24,26,33
Number,Battery electric,Company,189,E07000069,      Castle Point,46,35,28,19,15,13,10,12,8,7,7,7,7,8,7,6,5,5,5,0,0,0,0,0,0,0,0,0,0,0,0,0,0,0,0,0,0,0,0,0,0
Number,Battery electric,Company,190,E07000070,      Chelmsford,182,155,132,107,94,71,47,47,32,30,32,29,25,25,26,25,24,22,20,18,17,15,16,14,12,9,10,9,8,6,6,5,0,5,5,5,5,5,5,5,0
Number,Battery electric,Company,191,E07000071,      Colchester,164,136,120,94,73,55,39,41,38,34,28,24,23,21,21,19,19,19,19,18,16,15,12,10,9,10,9,12,12,8,9,7,7,7,8,7,6,5,6,5,5
Number,Battery electric,Company,192,E07000072,      Epping Forest,204,148,142,126,98,77,59,57,49,44,38,35,30,28,21,21,24,20,18,16,13,12,13,11,9,7,8,5,0,5,0,0,0,0,0,0,0,0,0,0,0
Number,Battery electric,Company,193,E07000073,      Harlow,86,67,69,49,44,37,28,26,24,21,13,12,12,10,10,9,7,5,5,5,0,0,0,0,0,0,0,0,0,0,0,0,0,0,0,0,0,0,0,0,0
Number,Battery electric,Company,194,E07000074,      Maldon,81,58,45,40,42,31,22,20,20,18,12,12,11,11,11,13,12,10,9,9,7,7,7,7,7,7,6,6,6,5,5,6,5,5,5,5,6,5,5,0,0
Number,Battery electric,Company,195,E07000075,      Rochford,82,63,59,47,42,29,23,20,18,19,15,15,14,12,10,11,7,8,11,14,15,15,16,16,18,15,17,19,15,12,9,9,7,8,7,5,0,0,0,0,0
Number,Battery electric,Company,196,E07000076,      Tendring,86,67,65,53,38,30,23,23,15,13,9,8,8,7,8,8,8,6,0,0,0,0,0,0,0,0,0,0,0,0,0,0,0,0,0,0,0,0,0,0,0
Number,Battery electric,Company,197,E07000077,      Uttlesford,165,125,109,90,69,61,39,37,31,26,20,21,15,17,16,18,17,16,15,15,14,14,12,10,10,10,9,8,16,16,12,12,13,14,12,13,13,0,0,0,0
Number,Battery electric,Company,199,E10000015,   Hertfordshire,1879,7083,5952,4927,4160,2947,1933,1561,1166,890,695,629,549,507,460,421,387,353,297,271,222,207,187,180,159,141,132,119,98,79,66,64,51,47,43,36,37,36,34,41,43
Number,Battery electric,Company,200,E07000095,      Broxbourne,73,66,63,56,50,28,23,23,23,20,15,14,12,11,7,7,6,0,0,0,0,5,5,5,0,0,0,0,0,0,0,0,0,0,0,0,0,0,0,0,0
Number,Battery electric,Company,201,E07000096,      Dacorum,190,171,148,127,106,85,64,55,45,36,29,25,23,23,21,18,18,17,16,16,14,13,13,12,13,13,12,12,12,7,6,5,5,5,0,0,0,0,0,0,0
Number,Battery electric,Company,202,E07000242,      East Hertfordshire,215,187,171,146,119,91,71,63,54,44,32,34,30,29,26,21,23,20,19,16,12,14,11,10,7,5,6,5,6,0,0,0,0,0,0,0,0,0,0,0,0
Number,Battery electric,Company,203,E07000098,      Hertsmere,263,215,198,167,152,117,98,91,83,79,63,57,40,37,35,36,32,26,21,19,13,14,12,11,10,11,10,8,6,0,0,8,8,8,8,0,0,0,0,0,0
Number,Battery electric,Company,204,E07000099,      North Hertfordshire,187,156,153,138,134,89,63,54,46,39,41,39,29,29,28,22,16,16,16,17,19,19,18,17,12,8,10,10,8,10,10,7,6,5,5,0,0,0,0,0,0
Number,Battery electric,Company,205,E07000240,      St Albans,211,193,178,135,128,100,73,71,61,53,42,36,34,36,31,31,27,28,27,20,15,18,19,15,14,11,8,7,5,0,0,0,0,0,0,0,0,0,0,0,0
Number,Battery electric,Company,206,E07000243,      Stevenage,45,45,39,30,22,20,19,18,14,12,8,7,8,6,6,6,6,7,7,5,0,0,5,8,7,0,0,0,0,0,0,0,0,0,0,6,7,6,6,6,6
Number,Battery electric,Company,207,E07000102,      Three Rivers,184,159,136,123,107,81,65,59,51,44,31,31,26,28,26,20,23,26,16,14,14,14,10,19,19,17,16,17,17,16,16,15,5,5,5,0,0,0,0,0,0
Number,Battery electric,Company,208,E07000103,      Watford,278,5704,4699,3876,3229,2248,1391,1064,740,522,400,356,325,287,258,238,217,190,151,142,109,89,77,67,57,55,53,44,30,22,14,11,9,7,0,0,0,0,0,0,0
Number,Battery electric,Company,209,E07000241,      Welwyn Hatfield,233,187,167,129,113,88,66,63,49,41,34,30,22,21,22,22,19,19,20,18,18,17,17,16,16,15,13,13,12,12,12,12,12,12,12,12,12,12,12,20,22
Number,Battery electric,Company,210,E10000020,   Norfolk,845,675,578,490,427,366,240,225,196,167,140,126,115,106,98,104,96,94,82,83,77,75,77,78,66,65,58,55,57,45,41,39,35,34,33,26,24,21,20,21,15
Number,Battery electric,Company,211,E07000143,      Breckland,119,91,78,65,58,53,41,28,27,19,17,14,12,12,13,13,11,14,10,11,9,12,11,9,10,13,13,9,12,5,5,0,5,0,6,0,0,0,0,0,0
Number,Battery electric,Company,212,E07000144,      Broadland,135,101,89,79,66,55,35,36,27,28,28,23,16,15,9,11,10,9,8,8,8,7,6,6,6,0,0,0,0,0,0,0,0,0,0,0,0,0,0,0,0
Number,Battery electric,Company,213,E07000145,      Great Yarmouth,42,40,30,22,17,12,5,0,5,0,0,0,0,0,0,0,0,0,0,0,0,0,0,0,5,0,0,0,0,0,0,0,0,0,0,0,0,0,0,0,0
Number,Battery electric,Company,214,E07000146,      King's Lynn and West Norfolk,105,85,86,73,63,45,26,25,25,27,22,19,16,16,15,15,11,12,12,10,11,10,11,13,8,8,7,9,9,6,5,5,0,0,0,0,0,0,0,0,0
Number,Battery electric,Company,215,E07000147,      North Norfolk,106,84,75,61,52,46,30,29,23,23,19,19,26,24,24,25,23,18,17,18,17,16,16,16,9,8,8,8,6,6,5,0,0,0,0,0,0,0,0,0,0
Number,Battery electric,Company,216,E07000148,      Norwich,217,175,144,121,106,100,62,63,52,37,24,25,26,21,21,23,26,26,22,22,21,19,22,22,18,17,15,14,17,16,15,18,15,15,13,10,9,11,10,10,6
Number,Battery electric,Company,217,E07000149,      South Norfolk,121,98,75,68,64,54,40,39,36,28,28,25,18,17,14,13,12,12,9,10,8,8,8,9,9,10,8,7,6,6,6,0,0,0,0,0,0,0,0,0,5
Number,Battery electric,Company,219,E10000029,   Suffolk,1124,771,656,554,463,386,298,274,227,201,162,128,122,109,105,103,94,97,89,91,85,80,81,81,75,67,69,74,72,70,63,64,58,58,58,49,52,43,40,35,36
Number,Battery electric,Company,220,E07000200,      Babergh,93,77,64,48,39,30,24,21,18,20,13,10,9,6,7,6,6,7,7,10,9,10,10,11,10,9,9,6,6,6,5,5,6,6,8,7,7,7,7,7,7
Number,Battery electric,Company,221,E07000244,      East Suffolk,190,153,128,119,100,77,57,53,46,41,36,35,38,38,36,35,32,33,30,33,31,29,30,30,27,22,21,24,24,25,23,23,19,20,22,19,21,13,12,10,9
Number,Battery electric,Company,222,E07000202,      Ipswich,208,170,155,123,108,92,73,70,67,46,37,16,15,15,13,13,12,13,13,11,11,10,11,11,11,11,12,14,14,13,12,14,14,12,10,8,9,9,8,7,8
Number,Battery electric,Company,223,E07000203,      Mid Suffolk,427,194,149,128,98,80,62,56,38,39,32,28,26,22,22,20,17,16,16,14,13,12,11,10,10,10,10,9,10,10,9,10,8,9,9,7,8,8,8,8,9
Number,Battery electric,Company,224,E07000245,      West Suffolk,206,177,160,136,118,107,82,74,58,55,44,39,34,28,27,28,27,28,23,23,21,19,19,19,17,15,17,21,18,16,14,12,11,11,9,8,7,6,5,0,0
Number,Battery electric,Company,227,E12000007,London,20413,16386,13397,11071,9263,7457,5822,5513,5172,4503,3841,3686,3261,2934,2837,2679,2638,2681,2374,2244,2063,1853,1777,1815,1637,1523,1345,1216,1069,1007,959,922,881,864,857,828,818,817,809,812,821
Number,Battery electric,Company,228,E13000001,   Inner London,8996,7073,5477,4343,3760,3298,2747,2639,2612,2117,1903,1783,1520,1306,1249,1202,1145,1022,951,895,857,857,784,794,752,727,640,577,503,467,440,423,424,414,413,421,419,421,424,430,448
Number,Battery electric,Company,229,E09000007,      Camden,458,408,348,319,275,243,202,183,158,140,122,97,98,94,102,94,89,88,92,86,89,91,90,87,83,87,82,79,78,72,76,72,73,72,69,70,70,72,60,56,62
Number,Battery electric,Company,230,E09000001,      City of London,197,153,147,130,144,125,84,81,76,71,59,58,51,55,54,55,50,36,33,50,48,46,43,31,29,18,17,17,16,14,12,9,10,11,10,11,8,8,8,6,6
Number,Battery electric,Company,231,E09000012,      Hackney,249,185,170,134,126,165,87,79,75,78,63,52,64,50,42,44,41,35,32,30,25,62,22,18,16,14,14,16,16,15,13,12,11,12,10,10,11,9,10,11,10
Number,Battery electric,Company,232,E09000013,      Hammersmith and Fulham,1872,1531,1064,722,703,583,508,498,364,223,183,144,66,85,81,83,81,77,77,75,32,32,35,23,22,20,21,19,11,8,7,9,10,9,10,11,14,12,8,7,7
Number,Battery electric,Company,233,E09000014,      Haringey,319,259,191,161,139,109,82,84,74,70,65,64,56,45,43,41,42,41,38,45,46,50,51,53,48,47,38,34,29,23,21,25,26,28,25,26,24,23,21,19,23
Number,Battery electric,Company,234,E09000019,      Islington,358,330,284,236,193,197,155,147,265,255,261,269,262,121,118,114,110,109,102,108,92,93,119,172,169,170,105,65,31,27,26,26,25,27,28,26,29,32,32,40,40
Number,Battery electric,Company,235,E09000020,      Kensington and Chelsea,224,184,160,150,137,110,93,88,85,82,66,61,49,42,41,34,33,32,32,31,28,28,28,28,27,21,22,21,16,15,15,14,14,13,14,21,22,25,26,28,33
Number,Battery electric,Company,236,E09000022,      Lambeth,225,190,157,146,155,135,113,110,107,102,99,89,86,74,72,73,69,67,64,61,60,69,68,64,60,59,56,53,53,51,51,49,50,51,55,55,57,52,53,52,53
Number,Battery electric,Company,237,E09000023,      Lewisham,121,103,80,65,56,45,40,35,30,29,22,22,22,19,17,15,15,12,9,7,6,5,5,0,0,0,0,0,0,0,0,0,0,0,0,0,0,0,0,0,0
Number,Battery electric,Company,238,E09000025,      Newham,224,178,159,148,116,80,55,48,42,41,29,28,25,23,22,21,20,17,15,15,13,11,11,10,10,10,8,7,9,8,0,0,5,5,5,5,5,5,5,6,5
Number,Battery electric,Company,239,E09000028,      Southwark,592,505,520,428,370,344,319,308,290,286,248,208,170,158,144,110,116,110,116,107,110,100,91,90,90,87,87,88,75,75,74,71,73,68,65,62,62,61,62,60,59
Number,Battery electric,Company,240,E09000030,      Tower Hamlets,912,659,480,373,275,219,148,145,95,91,80,86,83,78,72,89,66,62,54,47,45,50,44,44,41,37,36,35,36,31,23,21,23,15,12,15,14,14,28,29,28
Number,Battery electric,Company,241,E09000032,      Wandsworth,1288,958,655,366,185,154,123,122,117,109,89,68,66,61,57,51,50,45,44,42,36,36,29,30,30,27,22,17,16,13,12,14,14,17,18,17,14,17,16,17,19
Number,Battery electric,Company,242,E09000033,      Westminster,1957,1430,1062,965,886,789,738,711,834,540,517,537,422,401,384,378,363,291,243,191,227,184,148,141,125,129,131,126,117,115,106,95,88,84,91,92,89,90,94,98,103
Number,Battery electric,Company,243,E13000002,   Outer London,11378,9276,7885,6693,5471,4132,3046,2844,2531,2361,1910,1876,1712,1602,1563,1451,1466,1635,1400,1326,1182,975,973,996,862,776,684,618,545,521,502,482,439,434,426,390,380,378,368,363,353
Number,Battery electric,Company,244,E09000002,      Barking and Dagenham,233,123,104,86,71,57,53,45,19,17,10,11,9,10,9,9,7,9,9,6,8,8,7,8,8,8,9,7,8,7,7,9,9,10,10,10,11,11,11,11,11
Number,Battery electric,Company,245,E09000003,      Barnet,701,575,544,532,436,388,315,300,282,272,190,174,129,121,120,118,118,133,126,120,82,62,60,58,58,49,47,35,31,30,28,28,26,23,21,13,16,16,17,17,17
Number,Battery electric,Company,246,E09000004,      Bexley,205,167,144,119,95,81,65,66,48,39,34,43,31,24,23,21,20,17,16,14,13,12,11,11,10,8,8,11,10,10,9,16,0,5,0,5,5,5,5,5,6
Number,Battery electric,Company,247,E09000005,      Brent,775,556,388,298,252,237,207,202,201,183,140,114,111,108,99,76,73,73,69,70,136,37,46,37,31,33,33,20,18,18,15,14,15,13,12,14,11,10,9,9,9
Number,Battery electric,Company,248,E09000006,      Bromley,379,275,235,189,172,124,102,97,93,70,63,64,47,47,47,48,46,44,43,41,40,46,35,40,35,24,28,20,23,23,21,16,16,14,13,8,8,7,8,0,0
Number,Battery electric,Company,249,E09000008,      Croydon,273,248,195,170,158,131,97,89,70,55,52,52,53,47,47,43,41,41,38,40,35,31,30,35,32,27,24,27,20,15,11,12,11,13,12,11,9,10,9,9,7
Number,Battery electric,Company,250,E09000009,      Ealing,1127,1116,870,642,450,276,242,238,213,205,197,193,188,173,164,159,126,126,66,64,59,61,58,60,62,61,55,45,42,44,38,31,28,26,21,22,21,22,20,15,18
Number,Battery electric,Company,251,E09000010,      Enfield,315,269,219,201,191,147,109,110,99,93,79,77,63,59,51,50,47,44,41,37,31,32,29,32,31,28,28,24,22,19,17,18,20,18,19,17,16,16,14,16,16
Number,Battery electric,Company,252,E09000011,      Greenwich,224,177,148,129,114,101,90,88,78,65,53,44,38,30,35,32,29,31,23,24,27,29,26,27,23,21,18,19,18,16,16,14,13,14,15,16,15,15,11,11,11
Number,Battery electric,Company,253,E09000015,      Harrow,372,290,233,198,172,149,125,118,99,92,69,68,48,43,38,34,34,30,30,25,20,16,12,12,9,9,10,10,6,5,6,7,7,7,7,5,6,6,6,0,0
Number,Battery electric,Company,254,E09000016,      Havering,368,348,327,317,242,183,89,89,71,67,53,51,61,61,74,78,66,73,83,89,84,78,73,83,68,51,51,58,58,44,49,37,25,18,19,7,7,0,0,0,0
Number,Battery electric,Company,255,E09000017,      Hillingdon,4054,3231,2867,2413,1975,1278,743,633,598,578,427,467,445,399,412,362,461,656,515,459,329,270,312,320,233,192,112,103,59,60,66,66,58,62,60,55,56,55,52,54,51
Number,Battery electric,Company,256,E09000018,      Hounslow,519,414,367,320,300,273,220,216,199,194,186,192,177,179,178,175,172,161,159,166,159,166,166,165,157,164,163,162,160,164,161,162,160,166,167,165,158,162,163,167,157
Number,Battery electric,Company,257,E09000021,      Kingston upon Thames,170,140,122,102,97,78,61,66,67,62,42,37,37,35,30,28,21,19,15,13,10,8,8,7,7,5,5,0,0,0,0,0,0,0,0,0,0,0,0,0,0
Number,Battery electric,Company,258,E09000024,      Merton,495,453,412,334,277,263,232,211,165,154,125,123,120,119,118,117,104,84,81,80,75,46,20,19,17,18,15,14,13,11,10,10,8,5,5,0,0,0,0,0,5
Number,Battery electric,Company,259,E09000026,      Redbridge,243,190,153,122,114,87,64,55,47,43,35,37,35,32,30,27,29,27,30,28,13,11,16,22,23,20,22,7,6,6,0,0,0,0,0,0,0,0,0,0,0
Number,Battery electric,Company,260,E09000027,      Richmond upon Thames,606,453,356,341,207,158,145,135,101,98,89,82,76,73,46,36,35,34,28,26,23,23,25,24,21,22,20,21,17,16,14,11,9,11,14,13,12,11,11,10,11
Number,Battery electric,Company,261,E09000029,      Sutton,164,117,96,94,87,64,44,44,45,45,47,27,25,22,21,20,19,18,16,12,11,12,9,7,8,8,7,7,7,6,0,5,5,5,5,0,0,0,0,0,0
Number,Battery electric,Company,262,E09000031,      Waltham Forest,155,134,105,86,61,57,43,42,36,29,19,20,19,20,21,18,18,15,12,12,27,27,30,29,29,28,29,24,23,23,23,21,21,21,20,20,19,20,20,20,19
Number,Battery electric,Company,264,E12000008,South East,61034,45974,40230,34983,31172,20112,14038,11988,9220,7018,5549,4888,4566,4229,3862,3576,3209,3074,2905,2804,2648,2557,2464,2421,2204,2002,1927,1914,1820,1679,1513,1505,1443,1415,1576,1624,1673,1797,1850,1878,1898
Number,Battery electric,Company,265,E06000036,   Bracknell Forest,124,109,101,91,87,74,45,39,37,32,28,27,27,25,20,20,20,20,20,19,20,21,18,18,17,16,17,25,26,24,24,17,17,16,17,17,17,16,16,16,16
Number,Battery electric,Company,266,E06000043,   Brighton and Hove,271,226,191,160,140,108,81,75,71,61,52,54,51,53,43,35,31,30,30,29,23,22,22,20,19,19,16,19,16,19,14,16,15,14,13,15,14,13,8,8,8
Number,Battery electric,Company,267,E06000060,   Buckinghamshire,1347,1223,1166,1085,1004,918,848,844,772,705,621,535,492,446,499,433,377,296,259,220,207,158,126,97,90,69,57,53,48,48,43,35,27,24,23,19,18,13,13,13,13
Number,Battery electric,Company,268,E06000046,   Isle of Wight,105,91,70,53,48,37,27,26,24,23,24,24,17,16,18,17,16,18,18,18,17,17,16,15,15,15,13,15,12,10,9,9,9,9,8,5,6,6,5,0,0
Number,Battery electric,Company,269,E06000035,   Medway,477,402,394,367,354,271,211,188,163,160,146,120,114,87,87,79,63,64,65,66,53,48,50,48,47,43,40,41,34,39,6,5,5,5,5,5,0,0,0,0,0
Number,Battery electric,Company,270,E06000042,   Milton Keynes,18306,14907,12896,10973,9741,6434,3922,2772,1634,1258,962,804,690,574,374,359,331,301,231,219,205,203,182,161,147,142,143,147,134,158,134,154,148,133,148,155,150,139,118,119,111
Number,Battery electric,Company,271,E06000044,   Portsmouth,4437,3468,2908,2344,1800,1205,670,521,389,291,184,102,74,69,58,53,50,41,44,37,36,37,32,34,32,30,33,28,31,24,28,23,22,20,19,17,20,21,22,25,22
Number,Battery electric,Company,272,E06000038,   Reading,129,110,94,66,71,55,41,43,37,33,27,17,14,13,14,14,13,13,14,16,14,13,11,13,10,8,7,7,5,0,5,5,5,5,5,5,0,0,0,0,0
Number,Battery electric,Company,273,E06000039,   Slough,14450,12813,10905,9045,7578,5653,4192,3575,2680,1393,960,890,872,848,801,730,737,742,751,757,729,689,662,685,554,421,319,250,212,177,142,134,120,117,116,111,128,109,99,92,85
Number,Battery electric,Company,274,E06000045,   Southampton,229,200,180,167,157,133,124,122,92,88,78,80,75,61,61,74,54,46,29,28,23,25,26,27,24,27,31,54,83,37,32,32,23,20,15,13,15,10,10,14,18
Number,Battery electric,Company,275,E06000037,   West Berkshire,251,236,247,213,195,165,130,116,79,78,62,61,54,51,54,51,51,53,48,52,59,54,60,55,38,36,38,36,36,36,35,34,24,25,24,20,18,17,17,16,17
Number,Battery electric,Company,276,E06000040,   Windsor and Maidenhead,11080,4060,3849,3729,3252,128,102,100,90,81,66,64,71,65,63,65,63,64,59,57,53,51,47,53,62,86,100,96,79,71,37,29,22,24,23,26,27,32,36,29,31
Number,Battery electric,Company,277,E06000041,   Wokingham,191,153,139,126,113,84,79,79,66,47,31,28,24,23,24,23,24,23,21,19,17,16,20,22,23,25,32,37,41,41,38,35,36,31,12,11,11,11,11,9,8
Number,Battery electric,Company,278,E10000011,   East Sussex,493,438,393,338,312,275,239,240,218,207,176,113,87,80,77,83,78,79,79,75,67,70,66,68,65,57,58,50,49,43,39,36,30,27,29,25,25,24,23,25,24
Number,Battery electric,Company,279,E07000061,      Eastbourne,66,58,49,40,39,29,24,24,22,24,15,17,13,13,13,13,12,12,13,11,11,12,13,14,14,9,11,8,7,5,0,0,0,0,5,0,0,0,0,0,0
Number,Battery electric,Company,280,E07000062,      Hastings,52,39,38,29,24,19,16,16,13,14,14,11,10,9,9,11,10,11,13,12,12,14,11,12,10,12,10,12,12,10,6,7,0,0,0,0,0,0,0,0,0
Number,Battery electric,Company,281,E07000063,      Lewes,92,80,69,56,51,44,35,37,29,27,22,22,22,21,22,28,28,26,23,23,21,24,23,25,25,21,22,18,19,17,19,15,14,13,13,12,12,12,11,13,13
Number,Battery electric,Company,282,E07000064,      Rother,131,125,117,118,113,108,103,101,98,93,86,29,12,10,8,9,7,7,6,8,0,0,0,0,0,0,0,0,0,0,0,0,0,0,0,0,0,0,0,0,0
Number,Battery electric,Company,283,E07000065,      Wealden,152,136,120,95,85,75,61,62,56,49,39,34,30,27,25,22,21,23,24,21,19,16,17,15,14,13,12,11,10,10,9,10,9,7,7,7,7,6,7,7,6
Number,Battery electric,Company,284,E10000014,   Hampshire,2536,2018,1726,1500,1603,1285,1105,1096,975,839,694,676,716,710,700,700,545,552,511,505,473,505,516,512,522,539,577,593,590,574,604,635,664,682,863,932,977,1036,1129,1205,1287
Number,Battery electric,Company,285,E07000084,      Basingstoke and Deane,164,141,142,124,121,96,78,72,56,54,34,31,31,32,31,34,31,30,29,28,31,25,24,25,22,21,20,22,17,15,15,12,11,12,9,5,6,5,6,6,6
Number,Battery electric,Company,286,E07000085,      East Hampshire,131,111,99,87,82,68,51,41,36,33,26,23,23,17,17,19,20,18,17,17,19,18,19,18,13,12,12,11,7,0,0,0,6,5,0,0,0,0,0,0,0
Number,Battery electric,Company,287,E07000086,      Eastleigh,160,150,130,99,101,72,49,50,38,39,41,48,70,70,63,94,57,56,33,26,18,19,13,13,11,13,12,13,9,7,8,0,0,0,0,0,0,0,0,0,0
Number,Battery electric,Company,288,E07000087,      Fareham,129,111,104,89,71,53,34,32,36,28,24,19,9,10,10,9,11,8,6,6,5,0,6,7,6,7,5,5,5,0,0,0,0,0,0,0,0,0,0,0,0
Number,Battery electric,Company,289,E07000088,      Gosport,26,24,18,12,9,7,5,5,0,0,0,0,0,0,0,0,0,0,0,0,0,0,0,0,0,0,0,0,0,0,0,0,0,0,0,0,0,0,0,0,0
Number,Battery electric,Company,290,E07000089,      Hart,153,110,90,72,63,53,42,34,31,28,23,21,20,17,19,18,16,15,14,14,15,34,34,34,38,36,38,38,37,37,39,42,42,45,44,42,42,43,44,44,38
Number,Battery electric,Company,291,E07000090,      Havant,126,104,84,63,50,43,35,30,21,20,17,23,21,18,19,20,17,20,17,15,16,24,25,30,26,25,23,24,23,23,20,19,15,15,5,0,0,0,5,5,6
Number,Battery electric,Company,292,E07000091,      New Forest,160,138,119,105,95,80,67,65,51,41,24,26,29,33,34,36,25,19,20,25,24,23,24,14,13,10,12,17,19,15,17,19,17,17,16,15,13,12,12,13,13
Number,Battery electric,Company,293,E07000092,      Rushmoor,1109,810,642,584,773,604,495,509,485,393,356,352,387,394,395,373,277,297,298,299,284,308,333,332,359,382,425,437,446,447,478,515,556,571,770,847,893,955,1047,1121,1208
Number,Battery electric,Company,294,E07000093,      Test Valley,142,113,110,94,82,69,133,147,133,121,99,89,87,83,83,73,69,65,60,57,41,35,20,21,16,16,16,12,15,12,10,9,5,5,6,6,8,8,6,6,7
Number,Battery electric,Company,295,E07000094,      Winchester,235,205,187,170,155,140,116,111,86,80,48,42,36,33,27,21,19,20,15,16,17,14,16,16,16,14,12,12,10,9,8,6,5,5,5,0,0,0,0,0,0
Number,Battery electric,Company,297,E10000016,   Kent,1515,1261,1095,930,799,648,489,469,399,380,313,282,259,248,222,211,184,183,190,187,176,168,160,167,145,122,122,124,105,98,87,84,74,76,75,68,62,63,54,56,51
Number,Battery electric,Company,298,E07000105,      Ashford,139,122,97,80,71,55,41,43,39,39,37,33,24,23,24,23,17,17,19,18,15,13,12,14,11,12,13,12,12,12,8,7,6,5,6,5,0,5,0,0,0
Number,Battery electric,Company,299,E07000106,      Canterbury,173,150,128,114,99,84,51,61,52,50,43,43,37,40,28,23,20,19,16,18,20,22,16,22,18,14,16,20,17,12,12,11,11,13,13,13,11,10,8,10,10
Number,Battery electric,Company,300,E07000107,      Dartford,144,114,103,88,75,63,58,56,50,46,37,36,36,31,28,28,23,27,29,33,32,27,24,24,20,19,20,24,14,14,13,12,9,10,8,8,6,6,0,0,0
Number,Battery electric,Company,301,E07000108,      Dover,50,41,35,26,22,19,14,12,9,9,6,5,5,5,6,5,5,5,5,5,0,0,0,5,5,0,0,0,0,0,0,0,0,0,0,0,0,0,0,0,0
Number,Battery electric,Company,302,E07000112,      Folkestone and Hythe,72,53,47,39,32,26,19,18,16,14,12,9,13,13,15,14,13,13,14,14,14,14,16,16,17,14,14,15,16,16,13,15,15,14,14,12,10,12,12,12,12
Number,Battery electric,Company,303,E07000109,      Gravesham,75,63,56,35,35,29,21,20,18,17,15,12,11,11,9,10,10,8,7,0,0,0,0,0,0,0,0,0,0,0,0,0,0,0,0,0,0,0,0,0,0
Number,Battery electric,Company,304,E07000110,      Maidstone,187,163,152,137,130,99,60,51,39,40,28,24,22,18,14,14,10,11,13,13,16,15,17,19,15,11,12,8,5,0,0,5,0,0,0,0,0,0,0,0,0
Number,Battery electric,Company,305,E07000111,      Sevenoaks,155,124,107,97,87,80,69,62,50,50,35,30,29,25,22,21,19,15,15,14,14,15,13,13,12,8,7,7,7,7,9,8,6,5,5,0,5,0,0,0,0
Number,Battery electric,Company,306,E07000113,      Swale,88,76,61,55,45,38,28,26,26,22,17,17,15,12,11,9,9,9,10,10,10,7,9,8,9,9,8,5,6,6,0,0,0,0,0,0,0,0,0,5,0
Number,Battery electric,Company,307,E07000114,      Thanet,103,87,81,72,53,38,35,27,22,24,20,17,19,18,19,18,16,19,21,25,22,22,21,18,14,13,12,11,10,10,11,7,7,7,7,0,0,0,0,0,0
Number,Battery electric,Company,308,E07000115,      Tonbridge and Malling,208,165,144,115,86,72,56,58,47,43,33,30,29,31,25,25,23,20,20,15,13,17,15,15,12,10,10,10,8,7,5,0,0,0,0,5,0,0,0,0,0
Number,Battery electric,Company,309,E07000116,      Tunbridge Wells,121,103,84,72,64,45,37,35,31,26,30,26,19,21,21,21,19,20,21,18,14,11,12,12,11,9,9,11,10,10,10,11,11,13,12,10,11,11,9,8,8
Number,Battery electric,Company,310,E10000025,   Oxfordshire,2115,1724,1629,1445,1824,888,724,725,661,576,468,411,393,365,299,206,175,172,166,151,155,134,139,122,119,110,103,126,127,120,87,90,77,62,65,62,65,178,177,150,108
Number,Battery electric,Company,311,E07000177,      Cherwell,1399,1097,1064,937,1368,507,396,409,366,316,239,217,204,184,135,64,43,50,50,45,55,42,56,53,53,52,49,66,69,71,37,46,33,23,20,19,24,137,136,107,66
Number,Battery electric,Company,312,E07000178,      Oxford,255,223,198,181,156,147,113,112,97,78,74,66,56,52,46,42,41,40,35,33,31,27,25,21,21,19,18,18,19,18,19,18,17,17,17,15,12,11,8,8,5
Number,Battery electric,Company,313,E07000179,      South Oxfordshire,186,172,159,142,127,102,98,92,104,95,79,58,62,60,53,39,36,29,27,26,26,23,20,19,18,15,13,13,10,8,7,0,0,0,0,0,0,0,0,0,0
Number,Battery electric,Company,314,E07000180,      Vale of White Horse,147,130,117,106,100,73,66,63,57,51,43,40,40,40,36,35,34,33,30,26,24,22,21,19,15,13,12,18,16,9,11,11,12,11,15,15,18,20,20,20,19
Number,Battery electric,Company,315,E07000181,      West Oxfordshire,128,102,91,79,73,59,51,49,37,36,33,30,31,29,29,26,21,20,24,21,19,20,17,10,12,11,11,11,13,14,13,11,11,7,9,9,7,6,9,11,14
Number,Battery electric,Company,316,E10000030,   Surrey,2099,1785,1601,1794,1595,1358,691,671,569,524,452,416,366,351,309,289,270,256,245,237,214,226,215,212,196,166,144,145,133,102,97,81,80,85,82,86,87,75,79,66,66
Number,Battery electric,Company,317,E07000207,      Elmbridge,431,338,280,256,245,218,196,194,159,145,125,121,84,79,64,60,58,56,58,63,61,83,81,88,86,64,61,59,52,33,30,19,18,27,26,28,32,23,23,8,8
Number,Battery electric,Company,318,E07000208,      Epsom and Ewell,111,93,79,74,72,60,55,54,45,33,28,19,19,19,16,18,17,15,12,14,12,12,12,12,11,11,8,11,9,8,8,5,6,6,6,0,0,0,0,0,0
Number,Battery electric,Company,319,E07000209,      Guildford,230,204,175,166,151,106,74,75,67,62,51,48,45,43,38,37,34,33,25,20,15,15,15,12,7,11,8,9,7,0,6,0,0,0,0,0,0,0,0,0,0
Number,Battery electric,Company,320,E07000210,      Mole Valley,336,306,312,669,590,574,55,52,40,35,31,31,32,31,30,27,27,25,24,20,16,16,16,12,10,9,9,9,8,8,5,0,0,0,0,0,0,0,5,6,6
Number,Battery electric,Company,321,E07000211,      Reigate and Banstead,289,227,204,141,97,76,58,54,50,47,42,35,33,32,31,31,30,35,37,33,27,25,23,22,23,22,22,20,18,16,14,14,14,11,10,10,10,12,12,13,13
Number,Battery electric,Company,322,E07000212,      Runnymede,118,91,83,75,67,59,39,37,30,31,29,26,24,24,22,19,18,14,17,15,15,14,12,12,13,11,10,9,9,9,9,8,8,8,8,8,8,9,11,11,11
Number,Battery electric,Company,323,E07000213,      Spelthorne,98,95,97,85,67,48,34,38,30,22,18,17,14,14,13,15,12,8,9,7,9,9,0,6,0,0,0,0,0,0,0,0,0,0,0,0,0,0,0,0,0
Number,Battery electric,Company,324,E07000214,      Surrey Heath,90,124,120,112,118,60,46,41,35,37,41,37,37,33,31,31,31,30,27,27,26,18,16,15,12,11,10,10,13,13,14,14,15,13,12,16,16,10,11,11,11
Number,Battery electric,Company,325,E07000215,      Tandridge,95,74,63,50,45,33,28,25,24,19,15,14,15,16,13,14,9,8,8,5,0,0,0,0,0,0,0,0,0,0,0,0,0,0,0,0,0,0,0,0,0
Number,Battery electric,Company,326,E07000216,      Waverley,189,141,105,92,74,62,50,47,42,49,37,35,33,29,27,17,16,15,16,21,19,18,14,14,13,12,12,13,13,7,8,8,8,8,8,8,8,9,7,7,6
Number,Battery electric,Company,327,E07000217,      Woking,112,92,83,74,69,62,56,54,47,44,35,32,29,31,24,20,17,16,12,12,12,14,20,18,17,12,0,5,0,0,0,0,0,0,0,0,0,0,0,0,5
Number,Battery electric,Company,329,E10000032,   West Sussex,875,746,642,553,495,389,314,283,260,238,201,180,166,140,135,131,124,118,121,108,103,96,92,88,75,67,73,64,55,50,48,48,42,37,31,29,24,25,24,23,22
Number,Battery electric,Company,330,E07000223,      Adur,89,84,61,54,48,42,26,20,22,29,30,25,18,15,14,15,15,16,16,9,8,8,9,9,7,7,6,0,0,0,0,0,0,0,0,0,0,0,0,0,0
Number,Battery electric,Company,331,E07000224,      Arun,93,69,63,48,48,36,26,24,21,18,16,13,12,12,10,10,9,10,11,12,12,11,11,14,11,8,9,7,8,5,7,6,0,0,0,0,0,0,0,0,0
Number,Battery electric,Company,332,E07000225,      Chichester,169,150,127,111,94,75,63,55,53,49,42,37,37,23,21,15,16,15,14,9,7,7,6,6,6,7,7,5,0,0,0,7,7,5,6,6,0,0,0,5,0
Number,Battery electric,Company,333,E07000226,      Crawley,130,112,101,85,83,70,63,65,55,39,31,26,25,24,23,21,22,20,25,27,27,27,29,25,22,19,26,24,21,21,18,17,14,13,8,9,8,8,8,7,7
Number,Battery electric,Company,334,E07000227,      Horsham,162,138,128,115,107,86,70,60,51,46,35,33,32,31,30,33,28,25,22,19,14,13,10,7,5,0,0,5,0,0,0,0,0,0,0,0,0,0,0,0,0
Number,Battery electric,Company,335,E07000228,      Mid Sussex,152,123,95,88,74,56,45,38,38,35,30,29,23,20,21,21,18,17,18,17,20,16,15,16,16,16,15,15,13,12,12,12,11,12,11,10,10,10,8,7,7
Number,Battery electric,Company,336,E07000229,      Worthing,80,70,67,52,41,24,21,21,20,22,17,17,19,15,16,16,16,15,15,15,15,14,12,11,8,6,7,8,7,5,0,0,0,0,0,0,0,0,0,0,0
Number,Battery electric,Company,338,E12000009,South West,45637,36595,29797,23331,17448,13288,8631,7277,4768,3667,3289,3000,2836,2633,1477,1441,1284,1284,1265,1259,1216,1175,1151,1233,1231,1202,1146,1167,1147,1142,1078,1010,891,830,779,683,562,492,449,433,423
Number,Battery electric,Company,339,E06000022,   Bath and North East Somerset,241,204,178,157,141,124,105,101,92,80,68,64,55,60,44,43,44,34,30,30,28,28,24,18,16,14,12,9,8,6,6,5,0,0,0,0,0,0,0,0,5
Number,Battery electric,Company,340,E06000058,"   Bournemouth, Christchurch and Poole",424,360,305,269,222,190,156,157,140,121,92,89,90,84,84,80,75,83,82,77,76,71,66,66,66,59,56,54,52,51,46,40,28,28,29,30,29,30,28,24,23
Number,Battery electric,Company,341,E06000023,"   Bristol, City of",677,630,553,495,483,357,297,269,218,186,158,140,132,133,140,122,96,113,141,123,112,103,99,109,107,108,99,104,84,78,64,56,30,29,24,22,23,22,21,18,17
Number,Battery electric,Company,342,E06000052,   Cornwall,506,429,386,316,277,205,166,170,141,123,109,104,99,108,98,104,99,89,90,94,83,81,77,79,76,70,70,67,58,54,54,48,50,32,29,24,19,19,19,19,17
Number,Battery electric,Company,343,E06000059,   Dorset,412,353,302,285,264,236,195,162,138,112,91,86,79,74,74,73,67,68,76,75,68,63,62,59,58,55,55,50,46,54,54,51,53,53,56,42,39,29,28,22,19
Number,Battery electric,Company,344,E06000053,   Isles of Scilly,28,26,24,15,10,10,10,9,11,10,10,10,9,9,9,9,8,7,5,6,6,6,6,6,6,6,0,0,0,0,0,0,0,0,0,0,0,0,0,0,0
Number,Battery electric,Company,345,E06000024,   North Somerset,281,259,235,205,181,146,122,122,103,98,84,82,85,80,75,75,69,60,59,55,57,48,41,40,26,24,23,24,22,21,21,22,17,17,18,15,15,13,14,14,13
Number,Battery electric,Company,346,E06000026,   Plymouth,199,154,133,108,89,61,43,39,31,24,25,22,20,21,23,22,17,12,14,15,17,18,16,22,21,20,21,19,19,20,16,13,14,14,8,5,6,0,0,0,0
Number,Battery electric,Company,347,E06000025,   South Gloucestershire,14834,10844,8549,6469,3331,1428,687,583,434,340,264,210,190,177,163,152,143,116,62,52,40,32,28,26,25,25,18,17,16,14,14,15,18,19,14,12,12,12,13,9,9
Number,Battery electric,Company,348,E06000030,   Swindon,17698,14915,12177,9680,7979,4688,3030,2071,1072,550,430,388,262,236,225,212,168,175,180,207,251,274,318,384,440,464,495,530,559,582,586,558,482,443,388,315,205,153,100,88,77
Number,Battery electric,Company,349,E06000027,   Torbay,83,72,62,45,43,38,28,25,20,17,15,15,13,11,11,10,9,9,9,12,11,11,11,10,9,9,9,9,9,9,8,7,0,0,0,0,0,0,0,0,0
Number,Battery electric,Company,350,E06000054,   Wiltshire,8089,6424,5152,3349,397,304,259,238,224,195,172,165,175,188,171,183,162,198,198,198,178,173,170,170,161,155,93,96,94,88,50,55,59,57,68,70,66,66,66,64,66
Number,Battery electric,Company,351,E10000008,   Devon,905,793,715,608,571,368,287,271,206,165,128,111,108,106,95,88,78,76,71,70,68,64,66,64,59,57,58,54,47,48,42,32,27,24,24,21,24,22,30,34,35
Number,Battery electric,Company,352,E07000040,      East Devon,189,110,88,78,66,56,50,42,39,31,23,22,20,17,19,17,18,15,15,15,14,10,12,9,9,10,9,8,7,7,7,5,0,0,0,0,0,0,0,0,0
Number,Battery electric,Company,353,E07000041,      Exeter,286,319,313,257,283,146,106,115,78,54,50,44,40,42,39,36,32,34,31,35,35,36,35,35,31,28,29,28,22,23,19,13,11,10,12,10,12,10,10,8,10
Number,Battery electric,Company,354,E07000042,      Mid Devon,55,43,42,30,12,11,7,6,5,0,0,0,0,0,0,0,0,0,0,0,0,0,0,0,0,0,0,0,0,0,0,0,0,0,0,0,0,0,0,0,0
Number,Battery electric,Company,355,E07000043,      North Devon,79,69,63,55,50,33,34,32,23,21,10,10,13,14,12,9,6,7,6,5,5,0,0,0,0,0,5,6,6,6,5,0,0,0,0,0,0,0,0,0,0
Number,Battery electric,Company,356,E07000044,      South Hams,98,82,74,62,51,45,33,26,23,22,16,10,9,9,10,10,10,11,10,7,6,6,6,7,6,5,0,0,0,0,0,0,0,0,0,0,0,0,5,5,0
Number,Battery electric,Company,357,E07000045,      Teignbridge,110,92,73,69,61,41,31,27,21,20,15,10,12,11,10,11,7,5,5,0,6,5,5,0,0,5,0,0,5,5,0,0,0,0,0,0,0,0,8,10,11
Number,Battery electric,Company,358,E07000046,      Torridge,42,35,31,30,22,19,13,12,10,9,8,8,8,8,0,0,0,0,0,0,0,0,0,0,0,0,0,0,0,0,0,0,0,0,0,0,0,0,0,0,0
Number,Battery electric,Company,359,E07000047,      West Devon,46,43,31,27,26,17,13,11,7,6,5,6,5,0,0,0,0,0,0,0,0,0,0,0,0,0,0,0,0,0,0,0,0,0,0,0,0,0,0,0,0
Number,Battery electric,Company,360,E10000013,   Gloucestershire,846,773,701,1054,3225,4942,3099,2927,1828,1547,1554,1435,1448,1284,204,206,195,186,188,179,155,139,106,118,110,92,93,89,90,79,79,74,72,72,76,83,82,82,80,89,94
Number,Battery electric,Company,361,E07000078,      Cheltenham,140,127,106,86,87,60,55,50,43,38,32,24,24,18,19,15,16,16,15,12,11,10,9,10,11,8,11,11,7,0,9,6,5,6,5,5,0,0,0,0,0
Number,Battery electric,Company,362,E07000079,      Cotswold,121,102,87,69,61,52,41,33,30,28,20,19,17,18,18,17,17,16,16,13,10,9,9,7,7,6,0,0,8,9,9,13,13,14,16,25,27,28,28,36,42
Number,Battery electric,Company,363,E07000080,      Forest of Dean,118,114,116,535,2731,4484,2740,2615,1543,1291,1303,23,10,10,8,8,7,5,7,7,7,7,7,7,5,0,0,0,0,0,0,0,0,0,0,0,0,0,0,0,0
Number,Battery electric,Company,364,E07000081,      Gloucester,170,160,154,150,150,173,127,103,94,85,120,1294,1328,1173,98,107,100,92,89,86,66,53,24,41,35,26,25,24,26,20,16,12,12,13,12,9,7,6,7,6,6
Number,Battery electric,Company,365,E07000082,      Stroud,137,127,113,104,92,81,60,59,54,45,29,26,23,22,24,21,19,21,24,23,22,22,19,19,19,16,16,14,14,12,12,5,5,5,6,7,7,7,7,7,8
Number,Battery electric,Company,366,E07000083,      Tewkesbury,160,143,125,110,104,92,76,67,64,60,50,49,45,42,37,38,36,36,37,38,39,38,38,34,33,33,33,33,32,32,32,36,36,33,34,34,35,35,34,36,34
Number,Battery electric,Company,368,E10000027,   Somerset,407,358,324,275,235,191,147,133,110,99,88,77,68,59,58,59,52,56,58,64,63,61,58,59,49,42,39,40,38,33,33,30,28,29,32,32,31,31,36,40,40
Number,Battery electric,Company,369,E07000187,      Mendip,75,74,64,60,49,42,33,24,20,17,12,13,13,11,10,9,9,10,8,8,7,6,7,7,6,5,0,0,0,0,0,0,0,0,0,0,0,0,0,0,0
Number,Battery electric,Company,370,E07000188,      Sedgemoor,78,63,63,52,40,30,28,22,17,16,16,11,10,10,8,8,8,5,5,6,6,0,0,0,0,0,0,0,0,0,0,0,0,0,0,0,0,0,5,5,5
Number,Battery electric,Company,371,E07000246,      Somerset West and Taunton,108,95,94,76,65,52,33,32,25,20,16,15,12,9,12,14,13,15,18,18,17,20,16,17,12,10,8,9,8,7,8,6,8,9,9,8,7,8,9,10,10
Number,Battery electric,Company,372,E07000189,      South Somerset,146,126,103,87,81,67,53,55,48,46,44,38,33,29,28,28,22,26,27,32,33,31,31,31,28,23,23,23,23,21,20,18,14,14,16,18,18,17,20,24,24
Number,Battery electric,Company,374,W92000004,Wales,3343,2801,2449,2062,1675,1360,1353,1125,771,666,537,459,408,386,388,362,301,303,307,301,279,269,267,244,218,208,201,201,180,157,153,143,130,121,123,120,112,113,116,108,100
Number,Battery electric,Company,375,W06000014,   Vale of Glamorgan,88,74,68,62,49,37,33,30,28,28,19,17,16,15,15,15,15,16,15,15,14,16,16,14,14,14,15,15,14,13,12,12,12,12,12,11,11,12,11,12,11
Number,Battery electric,Company,376,W06000001,   Isle of Anglesey,53,42,35,33,25,22,20,21,23,20,14,14,10,10,13,13,13,17,17,15,12,11,10,10,10,8,8,8,6,5,5,0,5,0,0,0,0,0,0,0,0
Number,Battery electric,Company,377,W06000002,   Gwynedd,96,78,65,52,33,28,24,23,20,20,18,18,17,16,17,16,14,14,13,13,9,9,8,8,7,7,0,0,0,0,0,0,0,0,0,0,0,0,0,0,0
Number,Battery electric,Company,378,W06000003,   Conwy,96,83,76,68,47,39,30,30,23,21,18,14,13,12,13,13,15,17,17,19,16,17,18,19,18,16,13,12,7,0,0,0,0,0,0,0,0,0,0,0,0
Number,Battery electric,Company,379,W06000004,   Denbighshire,81,68,56,44,28,21,18,17,15,14,11,10,8,8,9,8,8,8,9,7,7,8,8,6,6,6,6,6,6,6,6,7,7,7,6,6,6,6,7,6,6
Number,Battery electric,Company,380,W06000005,   Flintshire,93,63,49,44,33,30,24,26,25,18,14,13,13,12,13,12,13,12,13,12,11,11,10,9,9,7,5,7,7,6,7,5,5,5,5,5,5,5,5,5,5
Number,Battery electric,Company,381,W06000006,   Wrexham,105,92,62,52,38,31,25,24,22,20,19,18,16,15,16,17,17,13,13,12,11,11,11,10,10,9,6,7,6,6,0,0,0,0,0,0,0,0,0,0,0
Number,Battery electric,Company,382,W06000023,   Powys,73,70,61,54,45,38,30,29,26,24,24,20,18,17,17,15,17,17,17,17,18,18,16,15,14,13,13,15,14,15,14,12,13,11,11,12,12,12,10,0,0
Number,Battery electric,Company,383,W06000008,   Ceredigion,43,36,46,40,24,18,9,10,8,6,0,0,0,0,0,0,0,0,0,0,0,0,0,0,0,0,0,0,0,0,0,0,0,0,0,0,0,0,0,0,0
Number,Battery electric,Company,384,W06000009,   Pembrokeshire,91,77,74,58,50,39,32,31,22,19,12,11,9,11,12,11,10,7,8,8,8,8,8,9,9,9,8,8,8,8,7,6,0,0,5,0,0,0,0,0,0
Number,Battery electric,Company,385,W06000010,   Carmarthenshire,133,102,91,73,64,51,31,31,30,28,23,23,23,24,24,24,21,22,22,23,22,21,23,21,18,17,17,17,15,15,16,16,15,13,12,12,12,12,8,7,6
Number,Battery electric,Company,386,W06000011,   Swansea,1035,891,796,689,576,512,411,377,295,244,209,166,140,126,124,102,52,50,45,44,41,41,47,29,25,26,30,31,29,20,18,17,11,11,11,15,13,14,18,18,17
Number,Battery electric,Company,387,W06000012,   Neath Port Talbot,75,56,42,31,26,20,15,7,7,7,6,0,0,0,0,0,0,0,0,0,0,0,0,0,0,0,0,0,0,0,0,0,0,0,0,0,0,0,0,0,0
Number,Battery electric,Company,388,W06000013,   Bridgend,367,321,288,259,217,156,89,72,49,36,14,10,8,8,6,7,5,5,9,11,7,7,5,6,0,0,0,0,0,0,0,0,0,0,0,0,0,0,0,0,0
Number,Battery electric,Company,389,W06000015,   Cardiff,398,324,282,219,168,129,95,90,68,63,63,61,54,51,46,44,44,42,48,46,45,38,38,40,32,30,30,33,28,26,27,28,27,26,27,24,24,24,26,25,24
Number,Battery electric,Company,390,W06000016,   Rhondda Cynon Taf,113,98,88,62,49,41,364,209,25,22,13,13,15,16,20,21,17,17,19,15,15,14,14,16,15,14,15,12,13,12,10,7,5,6,6,0,0,0,0,0,0
Number,Battery electric,Company,391,W06000024,   Merthyr Tydfil,31,23,15,9,5,6,7,7,9,7,5,0,0,0,0,0,0,0,0,0,0,0,0,0,0,0,0,0,0,0,0,0,0,0,0,0,0,0,0,0,0
Number,Battery electric,Company,392,W06000018,   Caerphilly,91,76,62,48,45,37,23,23,19,18,16,10,10,7,6,9,9,9,10,10,12,12,9,6,6,6,5,0,0,0,0,0,0,0,0,0,0,0,0,0,0
Number,Battery electric,Company,393,W06000019,   Blaenau Gwent,26,18,18,16,14,6,0,0,0,0,0,0,0,0,0,0,0,0,0,0,0,0,0,0,0,0,0,0,0,0,0,0,0,0,0,0,0,0,0,0,0
Number,Battery electric,Company,394,W06000020,   Torfaen,47,35,26,23,21,18,12,11,11,11,6,5,5,5,6,6,0,6,0,7,6,0,7,8,0,5,5,6,0,0,0,0,0,0,0,0,0,0,0,0,0
Number,Battery electric,Company,395,W06000021,   Monmouthshire,86,70,64,54,40,33,30,28,20,18,15,14,15,15,15,13,10,10,11,9,5,0,0,0,0,0,0,0,0,0,0,0,0,0,0,0,0,0,0,0,0
Number,Battery electric,Company,396,W06000022,   Newport,121,103,84,71,77,47,25,23,22,18,12,12,10,11,11,9,9,12,10,10,11,10,8,7,6,9,9,7,5,5,5,0,0,0,0,0,0,0,5,5,0
Number,Battery electric,Company,398,S92000003,Scotland,11866,10363,9348,8363,6766,4681,3046,2817,2322,2025,1703,1503,1301,1241,1175,1115,1040,1041,1002,987,901,887,846,804,769,737,758,753,678,636,595,524,469,453,442,403,394,361,311,271,233
Number,Battery electric,Company,399,S12000033,   Aberdeen City,235,227,182,158,145,109,85,91,73,72,60,54,56,47,46,45,41,40,38,42,37,42,40,34,36,35,33,32,29,24,18,13,14,11,9,9,8,9,9,9,7
Number,Battery electric,Company,400,S12000034,   Aberdeenshire,222,175,148,140,107,87,79,56,49,42,42,37,38,37,38,38,36,35,33,30,20,21,19,18,18,14,16,15,15,10,10,10,12,11,12,13,13,13,13,11,9
Number,Battery electric,Company,401,S12000041,   Angus,86,74,55,51,46,41,31,32,27,25,17,15,14,16,18,14,11,13,11,12,13,15,15,15,15,17,17,18,18,12,9,7,5,0,5,0,0,0,0,0,0
Number,Battery electric,Company,402,S12000035,   Argyll and Bute,44,38,38,29,28,23,22,19,18,17,14,15,16,14,14,10,9,8,8,11,10,10,10,10,9,9,7,5,6,6,6,5,5,0,0,0,0,5,0,0,0
Number,Battery electric,Company,403,S12000036,   City of Edinburgh,687,591,574,477,391,340,259,248,214,204,177,169,158,148,152,146,141,132,117,100,99,92,87,79,76,71,76,73,55,55,47,46,40,42,37,35,34,33,23,19,21
Number,Battery electric,Company,404,S12000005,   Clackmannanshire,30,24,21,19,17,17,12,12,12,11,11,11,11,11,11,11,11,11,11,10,11,10,10,6,0,0,0,0,0,0,0,0,0,0,0,0,0,0,0,0,0
Number,Battery electric,Company,405,S12000006,   Dumfries and Galloway,111,96,73,54,51,41,33,31,19,16,12,11,9,8,8,10,8,9,7,8,6,7,8,8,9,9,8,8,7,6,7,6,5,5,0,0,0,0,0,0,0
Number,Battery electric,Company,406,S12000042,   Dundee City,341,307,241,223,204,181,147,163,153,140,141,139,138,143,145,130,125,128,124,126,124,120,118,115,112,106,109,108,111,107,100,67,69,68,68,66,65,51,39,34,28
Number,Battery electric,Company,407,S12000008,   East Ayrshire,132,121,117,112,89,70,58,55,42,34,33,20,14,13,7,0,0,5,5,5,5,0,0,0,0,0,0,0,0,0,0,0,0,0,0,0,0,0,0,0,0
Number,Battery electric,Company,408,S12000045,   East Dunbartonshire,69,59,45,42,38,30,18,17,16,13,9,9,7,7,9,8,6,6,6,7,0,9,8,7,7,9,10,9,8,8,7,5,0,0,0,0,0,0,5,0,0
Number,Battery electric,Company,409,S12000010,   East Lothian,91,83,70,64,61,46,42,38,36,28,25,25,20,20,17,16,16,15,15,13,11,12,12,11,9,9,9,8,8,8,7,6,6,5,5,5,5,5,5,0,0
Number,Battery electric,Company,410,S12000011,   East Renfrewshire,100,79,58,47,38,30,18,16,12,12,8,7,0,0,0,0,0,0,0,0,0,0,0,0,0,0,0,0,0,0,0,0,0,0,0,0,0,0,0,0,0
Number,Battery electric,Company,411,S12000014,   Falkirk,165,131,112,99,81,73,41,38,33,21,19,20,20,20,20,17,16,18,17,16,14,14,12,12,10,10,9,8,6,6,7,6,6,6,6,7,6,6,6,5,0
Number,Battery electric,Company,412,S12000047,   Fife,259,218,181,165,145,128,107,108,93,85,75,69,69,72,65,70,67,77,79,81,74,72,63,60,47,45,42,42,42,40,39,37,36,35,36,34,34,24,22,16,15
Number,Battery electric,Company,413,S12000049,   Glasgow City,1254,1067,1024,962,618,472,260,238,139,129,115,116,124,121,115,97,89,92,90,88,83,82,85,124,146,136,159,167,136,132,134,128,102,104,103,91,91,79,67,65,66
Number,Battery electric,Company,414,S12000017,   Highland,225,177,157,123,99,91,73,82,77,67,55,55,49,44,39,36,29,26,26,28,29,28,26,25,25,25,22,27,19,23,20,18,16,15,17,16,16,16,16,14,11
Number,Battery electric,Company,415,S12000018,   Inverclyde,124,88,63,57,50,47,43,39,27,26,23,22,8,8,9,9,9,8,8,7,11,8,8,7,5,6,6,5,5,5,0,0,0,0,0,0,0,0,0,0,0
Number,Battery electric,Company,416,S12000019,   Midlothian,85,79,74,73,75,53,49,48,39,43,42,41,29,27,21,21,16,20,18,20,17,21,16,19,26,18,23,19,21,16,11,8,8,8,7,6,5,5,0,0,0
Number,Battery electric,Company,417,S12000020,   Moray,74,62,57,49,35,26,15,16,15,12,11,11,9,9,9,9,9,9,9,8,5,6,7,7,8,9,11,11,9,7,7,8,7,5,5,0,0,0,5,5,0
Number,Battery electric,Company,418,S12000013,   Na h-Eileanan Siar,23,18,17,15,14,13,13,12,10,9,7,0,0,0,0,0,0,0,0,0,0,0,0,0,0,0,0,0,0,0,0,0,0,0,0,0,0,0,0,0,0
Number,Battery electric,Company,419,S12000021,   North Ayrshire,75,53,46,37,32,25,19,19,15,15,11,8,6,6,7,6,6,7,5,10,10,8,8,10,7,5,8,9,7,6,0,5,5,0,0,0,0,0,0,0,0
Number,Battery electric,Company,420,S12000050,   North Lanarkshire,202,165,147,108,84,57,47,56,52,42,37,39,35,34,34,34,34,33,32,35,36,33,31,34,29,27,31,30,29,26,22,22,20,19,18,15,14,14,16,17,17
Number,Battery electric,Company,421,S12000023,   Orkney Islands,78,74,71,66,60,52,51,48,44,43,45,44,41,40,41,41,39,37,32,26,22,22,20,20,19,18,15,15,13,13,10,10,0,0,0,0,0,0,0,0,0
Number,Battery electric,Company,422,S12000048,   Perth and Kinross,130,114,92,81,71,61,42,41,37,34,36,34,33,32,31,34,30,31,34,29,27,29,23,23,23,19,19,18,14,13,13,11,10,11,11,8,9,10,10,9,0
Number,Battery electric,Company,423,S12000038,   Renfrewshire,5061,4629,4363,4052,3330,1902,1008,875,743,618,470,342,238,213,181,164,154,151,141,136,110,109,99,44,43,41,34,25,22,21,24,21,20,18,18,16,15,16,13,12,9
Number,Battery electric,Company,424,S12000026,   Scottish Borders,77,65,59,53,49,43,35,32,32,25,22,25,24,24,21,25,24,23,25,25,22,21,22,22,19,22,22,22,22,20,20,19,18,15,14,12,12,11,8,7,6
Number,Battery electric,Company,425,S12000027,   Shetland Islands,26,23,19,11,8,6,6,6,6,0,0,0,0,0,0,0,0,0,0,0,0,0,0,5,0,0,0,0,0,0,0,0,0,0,0,0,0,0,0,0,0
Number,Battery electric,Company,426,S12000028,   South Ayrshire,92,76,74,61,56,39,27,32,27,22,16,10,10,8,6,8,7,7,8,12,12,13,16,15,13,13,12,13,16,14,12,10,8,7,7,5,0,0,0,0,0
Number,Battery electric,Company,427,S12000029,   South Lanarkshire,251,197,168,159,126,86,62,62,56,49,41,37,39,34,30,28,26,24,26,27,21,19,17,19,17,22,17,20,17,16,16,15,12,11,11,10,10,7,7,6,5
Number,Battery electric,Company,428,S12000030,   Stirling,1337,1110,883,670,536,430,295,241,162,124,88,75,45,45,43,42,40,39,40,39,31,27,24,22,12,12,14,18,18,19,19,16,15,14,13,12,10,10,9,7,0
Number,Battery electric,Company,429,S12000039,   West Dunbartonshire,65,60,57,52,38,30,27,26,23,24,21,19,18,17,17,18,16,16,16,15,13,13,13,0,0,0,0,0,0,0,0,0,0,0,0,0,0,0,0,0,0
Number,Battery electric,Company,430,S12000040,   West Lothian,112,80,59,51,40,29,19,17,18,17,15,16,12,13,13,15,13,13,11,10,12,11,14,12,13,11,11,10,7,6,5,0,0,0,0,0,0,0,0,0,0
Number,Battery electric,Company,432,N92000002,Northern Ireland,2736,2252,1908,1518,1220,896,573,479,354,316,267,233,186,178,191,184,172,173,183,188,184,178,175,188,148,152,155,153,124,116,105,90,77,75,69,52,41,38,28,20,15
Number,Battery electric,Company,433,N09000001,   Antrim and Newtownabbey,249,211,191,138,100,73,55,49,38,36,27,25,18,15,13,9,11,11,13,14,12,12,13,15,13,15,17,16,12,13,11,10,9,7,6,5,0,0,0,0,0
Number,Battery electric,Company,434,N09000011,   Ards and North Down,87,70,56,35,25,25,19,16,9,8,6,7,7,7,9,8,7,7,7,8,8,8,8,10,7,7,9,6,5,5,0,0,0,0,0,0,0,0,0,0,0
Number,Battery electric,Company,435,N09000002,"   Armagh City, Banbridge and Craigavon",171,155,165,144,135,117,51,40,30,31,30,32,27,29,30,30,28,30,32,32,34,30,27,27,14,13,9,12,8,8,8,8,7,7,6,5,0,0,0,0,0
Number,Battery electric,Company,436,N09000003,   Belfast,1159,963,846,714,578,405,264,201,149,125,101,84,72,60,72,67,60,60,64,65,59,59,57,63,48,47,48,46,42,38,38,30,27,27,22,18,14,15,12,9,6
Number,Battery electric,Company,437,N09000004,   Causeway Coast and Glens,72,65,50,38,27,20,16,17,11,11,11,8,0,0,0,5,5,6,6,8,7,7,5,7,5,7,7,8,8,7,7,5,5,5,0,0,0,0,0,0,0
Number,Battery electric,Company,438,N09000005,   Derry City and Strabane,80,70,61,54,46,35,26,26,22,19,16,16,13,13,12,12,11,11,12,11,11,11,12,13,14,13,14,14,12,10,7,6,0,0,0,0,0,0,0,0,0
Number,Battery electric,Company,439,N09000006,   Fermanagh and Omagh,63,61,49,33,26,20,15,14,13,14,12,13,10,12,11,14,15,16,16,18,18,17,17,16,12,12,11,12,5,7,6,5,5,0,5,0,0,0,0,0,0
Number,Battery electric,Company,440,N09000007,   Lisburn and Castlereagh,207,181,148,98,72,54,36,28,21,19,17,15,12,11,11,10,12,11,11,11,9,9,7,7,8,8,9,9,6,7,7,7,5,5,6,6,6,6,5,5,5
Number,Battery electric,Company,441,N09000008,   Mid and East Antrim,62,45,37,32,27,25,22,17,12,13,13,7,5,6,8,10,8,7,7,7,9,9,9,9,7,8,9,12,10,9,7,7,5,0,5,0,0,0,0,0,0
Number,Battery electric,Company,442,N09000009,   Mid Ulster,86,66,56,46,38,34,32,33,25,22,18,13,8,9,9,8,6,6,5,5,5,5,5,6,6,8,10,10,7,5,0,0,0,0,0,0,0,0,0,0,0
Number,Battery electric,Company,443,N09000010,"   Newry, Mourne and Down",88,64,49,43,33,23,16,17,11,11,12,10,8,10,10,9,7,6,7,6,5,5,5,5,5,5,0,5,6,5,5,5,0,5,0,0,0,0,0,0,0